0	0	Pony/2_primitives_3.txt	1
0	0	Pony/5_methods_1.txt	1
0	0	Pony/2_ops_11.txt	1
0	0	Pony/2_ops_2.txt	1
0	0	Pony/4_control-structures_12.txt	1
0	0	Pony/2_ops_10.txt	1
0	0	Pony/1_variables_2.txt	1
0	0	Pony/4_control-structures_17.txt	1
0	0	Pony/1_variables_1.txt	1
0	0	Pony/4_control-structures_18.txt	1
0	0	Pony/2_ops_9.txt	1
0	0	Pony/4_control-structures_15.txt	1
0	0	Pony/4_control-structures_11.txt	1
0	0	Pony/4_control-structures_2.txt	1
0	0	Pony/4_control-structures_13.txt	1
0	0	Pony/4_control-structures_14.txt	1
0	0	Pony/4_control-structures_16.txt	1
0	0	Pony/2_ops_1.txt	1
0	0	Pony/4_control-structures_3.txt	1
0	0	Pony/4_control-structures_19.txt	1
0	0	Pony/4_control-structures_1.txt	1
1	0	Pony/2_primitives_3.txt	1
1	0	Pony/5_methods_1.txt	1
1	0	Pony/2_ops_11.txt	1
1	0	Pony/2_ops_2.txt	1
1	0	Pony/4_control-structures_12.txt	1
1	0	Pony/2_ops_10.txt	1
1	0	Pony/1_variables_2.txt	1
1	0	Pony/4_control-structures_17.txt	1
1	0	Pony/1_variables_1.txt	1
1	0	Pony/4_control-structures_18.txt	1
1	0	Pony/2_ops_9.txt	1
1	0	Pony/4_control-structures_15.txt	1
1	0	Pony/4_control-structures_11.txt	1
1	0	Pony/4_control-structures_2.txt	1
1	0	Pony/4_control-structures_13.txt	1
1	0	Pony/4_control-structures_14.txt	1
1	0	Pony/4_control-structures_16.txt	1
1	0	Pony/2_ops_1.txt	1
1	0	Pony/4_control-structures_3.txt	1
1	0	Pony/4_control-structures_19.txt	1
1	0	Pony/4_control-structures_1.txt	1
2	0	Pony/2_primitives_3.txt	1
2	0	Pony/2_ops_11.txt	1
2	0	Pony/2_ops_2.txt	1
2	0	Pony/4_control-structures_12.txt	1
2	0	Pony/2_ops_10.txt	1
2	0	Pony/1_variables_2.txt	1
2	0	Pony/1_variables_4.txt	1
2	0	Pony/4_control-structures_17.txt	1
2	0	Pony/1_variables_1.txt	1
2	0	Pony/4_control-structures_18.txt	1
2	0	Pony/2_ops_9.txt	1
2	0	Pony/4_control-structures_15.txt	1
2	0	Pony/4_control-structures_11.txt	1
2	0	Pony/4_control-structures_2.txt	1
2	0	Pony/4_control-structures_13.txt	1
2	0	Pony/4_control-structures_14.txt	1
2	0	Pony/4_control-structures_16.txt	1
2	0	Pony/2_ops_1.txt	1
2	0	Pony/4_control-structures_3.txt	1
2	0	Pony/4_control-structures_19.txt	1
2	0	Pony/4_control-structures_1.txt	1
3	0	Pony/builtin-String-_38.txt	1
3	0	Pony/2_primitives_3.txt	1
3	0	Pony/builtin-String-_36.txt	1
3	0	Pony/5_methods_1.txt	1
3	0	Pony/2_ops_11.txt	1
3	0	Pony/2_ops_2.txt	1
3	0	Pony/4_control-structures_12.txt	1
3	0	Pony/2_ops_10.txt	1
3	0	Pony/1_variables_2.txt	1
3	0	Pony/collections-Range-_0.txt	1
3	0	Pony/4_control-structures_17.txt	1
3	0	Pony/1_variables_1.txt	1
3	0	Pony/4_control-structures_18.txt	1
3	0	Pony/2_ops_9.txt	1
3	0	Pony/6_errors_2.txt	1
3	0	Pony/6_errors_1.txt	1
3	0	Pony/6_errors_3.txt	1
3	0	Pony/4_control-structures_15.txt	1
3	0	Pony/4_control-structures_11.txt	1
3	0	Pony/4_control-structures_2.txt	1
3	0	Pony/4_control-structures_13.txt	1
3	0	Pony/3_arithmetic_5.txt	1
3	0	Pony/4_control-structures_14.txt	1
3	0	Pony/4_control-structures_16.txt	1
3	0	Pony/2_ops_1.txt	1
3	0	Pony/4_control-structures_3.txt	1
3	0	Pony/4_control-structures_19.txt	1
3	0	Pony/4_control-structures_1.txt	1
4	0	Pony/2_primitives_3.txt	1
4	0	Pony/builtin-String-_36.txt	1
4	0	Pony/5_methods_1.txt	1
4	0	Pony/2_ops_11.txt	1
4	0	Pony/2_ops_2.txt	1
4	0	Pony/4_control-structures_12.txt	1
4	0	Pony/2_ops_10.txt	1
4	0	Pony/1_variables_2.txt	1
4	0	Pony/4_control-structures_17.txt	1
4	0	Pony/1_variables_1.txt	1
4	0	Pony/4_control-structures_18.txt	1
4	0	Pony/2_ops_9.txt	1
4	0	Pony/4_control-structures_15.txt	1
4	0	Pony/4_control-structures_2.txt	1
4	0	Pony/4_control-structures_11.txt	1
4	0	Pony/4_control-structures_13.txt	1
4	0	Pony/3_arithmetic_5.txt	1
4	0	Pony/4_control-structures_14.txt	1
4	0	Pony/4_control-structures_16.txt	1
4	0	Pony/2_ops_1.txt	1
4	0	Pony/4_control-structures_3.txt	1
4	0	Pony/4_control-structures_19.txt	1
4	0	Pony/4_control-structures_1.txt	1
5	0	Pony/2_primitives_3.txt	1
5	0	Pony/5_methods_1.txt	1
5	0	Pony/2_ops_2.txt	1
5	0	Pony/4_control-structures_12.txt	1
5	0	Pony/1_variables_2.txt	1
5	0	Pony/4_control-structures_17.txt	1
5	0	Pony/1_variables_1.txt	1
5	0	Pony/4_control-structures_18.txt	1
5	0	Pony/6_errors_2.txt	1
5	0	Pony/6_errors_1.txt	1
5	0	Pony/6_errors_3.txt	1
5	0	Pony/4_control-structures_15.txt	1
5	0	Pony/4_control-structures_2.txt	1
5	0	Pony/4_control-structures_11.txt	1
5	0	Pony/4_control-structures_13.txt	1
5	0	Pony/3_arithmetic_5.txt	1
5	0	Pony/4_control-structures_14.txt	1
5	0	Pony/4_control-structures_16.txt	1
5	0	Pony/2_ops_1.txt	1
5	0	Pony/4_control-structures_3.txt	1
5	0	Pony/4_control-structures_19.txt	1
5	0	Pony/4_control-structures_1.txt	1
6	0	Pony/4_control-structures_13.txt	1
6	0	Pony/2_primitives_3.txt	1
6	0	Pony/4_control-structures_18.txt	1
6	0	Pony/4_control-structures_17.txt	1
6	0	Pony/4_control-structures_11.txt	1
6	0	Pony/4_control-structures_14.txt	1
6	0	Pony/4_control-structures_15.txt	1
6	0	Pony/1_variables_1.txt	1
6	0	Pony/4_control-structures_16.txt	1
6	0	Pony/5_methods_1.txt	1
6	0	Pony/4_control-structures_2.txt	1
6	0	Pony/2_ops_1.txt	1
6	0	Pony/2_ops_2.txt	1
6	0	Pony/4_control-structures_3.txt	1
6	0	Pony/4_control-structures_12.txt	1
6	0	Pony/4_control-structures_19.txt	1
6	0	Pony/4_control-structures_1.txt	1
6	0	Pony/1_variables_2.txt	1
7	0	Pony/2_primitives_3.txt	1
7	0	Pony/builtin-String-_36.txt	1
7	0	Pony/5_methods_1.txt	1
7	0	Pony/2_ops_11.txt	1
7	0	Pony/2_ops_2.txt	1
7	0	Pony/4_control-structures_12.txt	1
7	0	Pony/2_ops_10.txt	1
7	0	Pony/1_variables_2.txt	1
7	0	Pony/collections-Range-_0.txt	1
7	0	Pony/4_control-structures_17.txt	1
7	0	Pony/1_variables_1.txt	1
7	0	Pony/4_control-structures_18.txt	1
7	0	Pony/2_ops_9.txt	1
7	0	Pony/6_errors_2.txt	1
7	0	Pony/6_errors_1.txt	1
7	0	Pony/6_errors_3.txt	1
7	0	Pony/4_control-structures_15.txt	1
7	0	Pony/4_control-structures_11.txt	1
7	0	Pony/4_control-structures_2.txt	1
7	0	Pony/4_control-structures_13.txt	1
7	0	Pony/3_arithmetic_5.txt	1
7	0	Pony/4_control-structures_14.txt	1
7	0	Pony/4_control-structures_16.txt	1
7	0	Pony/2_ops_1.txt	1
7	0	Pony/4_control-structures_3.txt	1
7	0	Pony/4_control-structures_19.txt	1
7	0	Pony/4_control-structures_1.txt	1
8	0	Pony/2_primitives_3.txt	1
8	0	Pony/5_methods_1.txt	1
8	0	Pony/2_ops_2.txt	1
8	0	Pony/4_control-structures_12.txt	1
8	0	Pony/src-builtin-string-_143.txt	1
8	0	Pony/1_variables_2.txt	1
8	0	Pony/4_control-structures_17.txt	1
8	0	Pony/1_variables_1.txt	1
8	0	Pony/4_control-structures_18.txt	1
8	0	Pony/builtin-String-_53.txt	1
8	0	Pony/4_control-structures_15.txt	1
8	0	Pony/4_control-structures_11.txt	1
8	0	Pony/4_control-structures_2.txt	1
8	0	Pony/4_control-structures_13.txt	1
8	0	Pony/4_control-structures_14.txt	1
8	0	Pony/4_control-structures_16.txt	1
8	0	Pony/2_ops_1.txt	1
8	0	Pony/4_control-structures_3.txt	1
8	0	Pony/4_control-structures_19.txt	1
8	0	Pony/4_control-structures_1.txt	1
9	0	Pony/2_ops_1.txt	1
9	0	Pony/4_control-structures_13.txt	1
9	0	Pony/2_primitives_3.txt	1
9	0	Pony/4_control-structures_18.txt	1
9	0	Pony/4_control-structures_17.txt	1
9	0	Pony/4_control-structures_11.txt	1
9	0	Pony/4_control-structures_14.txt	1
9	0	Pony/4_control-structures_15.txt	1
9	0	Pony/1_variables_1.txt	1
9	0	Pony/4_control-structures_16.txt	1
9	0	Pony/5_methods_1.txt	1
9	0	Pony/4_control-structures_2.txt	1
9	0	Pony/4_control-structures_12.txt	1
9	0	Pony/2_ops_2.txt	1
9	0	Pony/4_control-structures_3.txt	1
9	0	Pony/4_control-structures_19.txt	1
9	0	Pony/4_control-structures_1.txt	1
9	0	Pony/1_variables_2.txt	1
10	0	Pony/2_primitives_3.txt	1
10	0	Pony/5_methods_1.txt	1
10	0	Pony/2_ops_11.txt	1
10	0	Pony/2_ops_2.txt	1
10	0	Pony/4_control-structures_12.txt	1
10	0	Pony/2_ops_10.txt	1
10	0	Pony/1_variables_2.txt	1
10	0	Pony/4_control-structures_17.txt	1
10	0	Pony/1_variables_1.txt	1
10	0	Pony/4_control-structures_18.txt	1
10	0	Pony/2_ops_9.txt	1
10	0	Pony/6_errors_2.txt	1
10	0	Pony/6_errors_1.txt	1
10	0	Pony/6_errors_3.txt	1
10	0	Pony/4_control-structures_15.txt	1
10	0	Pony/4_control-structures_2.txt	1
10	0	Pony/4_control-structures_11.txt	1
10	0	Pony/4_control-structures_13.txt	1
10	0	Pony/4_control-structures_14.txt	1
10	0	Pony/4_control-structures_16.txt	1
10	0	Pony/2_ops_1.txt	1
10	0	Pony/4_control-structures_3.txt	1
10	0	Pony/4_control-structures_19.txt	1
10	0	Pony/4_control-structures_1.txt	1
11	0	Pony/2_ops_1.txt	1
11	0	Pony/2_primitives_3.txt	1
11	0	Pony/4_control-structures_13.txt	1
11	0	Pony/4_control-structures_17.txt	1
11	0	Pony/4_control-structures_14.txt	1
11	0	Pony/4_control-structures_15.txt	1
11	0	Pony/4_control-structures_16.txt	1
11	0	Pony/5_methods_1.txt	1
11	0	Pony/4_control-structures_11.txt	1
11	0	Pony/2_ops_2.txt	1
11	0	Pony/1_variables_1.txt	1
11	0	Pony/4_control-structures_12.txt	1
11	0	Pony/4_control-structures_19.txt	1
11	0	Pony/4_control-structures_18.txt	1
11	0	Pony/1_variables_2.txt	1
12	0	Pony/2_ops_9.txt	1
12	0	Pony/4_control-structures_13.txt	1
12	0	Pony/2_primitives_3.txt	1
12	0	Pony/4_control-structures_17.txt	1
12	0	Pony/4_control-structures_11.txt	1
12	0	Pony/4_control-structures_14.txt	1
12	0	Pony/2_ops_10.txt	1
12	0	Pony/4_control-structures_15.txt	1
12	0	Pony/4_control-structures_16.txt	1
12	0	Pony/5_methods_1.txt	1
12	0	Pony/2_ops_11.txt	1
12	0	Pony/2_ops_1.txt	1
12	0	Pony/2_ops_2.txt	1
12	0	Pony/1_variables_1.txt	1
12	0	Pony/4_control-structures_12.txt	1
12	0	Pony/4_control-structures_19.txt	1
12	0	Pony/4_control-structures_18.txt	1
12	0	Pony/1_variables_2.txt	1
13	0	Pony/2_primitives_3.txt	1
13	0	Pony/5_methods_1.txt	1
13	0	Pony/2_ops_2.txt	1
13	0	Pony/4_control-structures_12.txt	1
13	0	Pony/1_variables_2.txt	1
13	0	Pony/4_control-structures_17.txt	1
13	0	Pony/1_variables_1.txt	1
13	0	Pony/4_control-structures_18.txt	1
13	0	Pony/6_errors_2.txt	1
13	0	Pony/6_errors_1.txt	1
13	0	Pony/6_errors_3.txt	1
13	0	Pony/4_control-structures_15.txt	1
13	0	Pony/4_control-structures_11.txt	1
13	0	Pony/4_control-structures_2.txt	1
13	0	Pony/4_control-structures_13.txt	1
13	0	Pony/3_arithmetic_5.txt	1
13	0	Pony/4_control-structures_14.txt	1
13	0	Pony/4_control-structures_16.txt	1
13	0	Pony/2_ops_1.txt	1
13	0	Pony/4_control-structures_3.txt	1
13	0	Pony/4_control-structures_19.txt	1
13	0	Pony/4_control-structures_1.txt	1
14	0	Pony/collections-HashMap-_0.txt	1
14	0	Pony/2_primitives_3.txt	1
14	0	Pony/builtin-String-_36.txt	1
14	0	Pony/5_methods_1.txt	1
14	0	Pony/2_ops_11.txt	1
14	0	Pony/2_ops_2.txt	1
14	0	Pony/4_control-structures_12.txt	1
14	0	Pony/2_ops_10.txt	1
14	0	Pony/1_variables_2.txt	1
14	0	Pony/collections-Range-_0.txt	1
14	0	Pony/4_control-structures_17.txt	1
14	0	Pony/1_variables_1.txt	1
14	0	Pony/4_control-structures_18.txt	1
14	0	Pony/2_ops_9.txt	1
14	0	Pony/6_errors_2.txt	1
14	0	Pony/6_errors_1.txt	1
14	0	Pony/6_errors_3.txt	1
14	0	Pony/4_control-structures_15.txt	1
14	0	Pony/4_control-structures_2.txt	1
14	0	Pony/4_control-structures_11.txt	1
14	0	Pony/4_control-structures_13.txt	1
14	0	Pony/3_arithmetic_5.txt	1
14	0	Pony/4_control-structures_14.txt	1
14	0	Pony/4_control-structures_16.txt	1
14	0	Pony/2_ops_1.txt	1
14	0	Pony/4_control-structures_3.txt	1
14	0	Pony/4_control-structures_19.txt	1
14	0	Pony/4_control-structures_1.txt	1
15	0	Pony/2_primitives_3.txt	1
15	0	Pony/5_methods_1.txt	1
15	0	Pony/2_ops_11.txt	1
15	0	Pony/2_ops_2.txt	1
15	0	Pony/4_control-structures_12.txt	1
15	0	Pony/2_ops_10.txt	1
15	0	Pony/1_variables_2.txt	1
15	0	Pony/collections-Range-_0.txt	1
15	0	Pony/4_control-structures_17.txt	1
15	0	Pony/1_variables_1.txt	1
15	0	Pony/4_control-structures_18.txt	1
15	0	Pony/2_ops_9.txt	1
15	0	Pony/6_errors_2.txt	1
15	0	Pony/6_errors_1.txt	1
15	0	Pony/6_errors_3.txt	1
15	0	Pony/4_control-structures_15.txt	1
15	0	Pony/4_control-structures_11.txt	1
15	0	Pony/4_control-structures_2.txt	1
15	0	Pony/4_control-structures_13.txt	1
15	0	Pony/3_arithmetic_5.txt	1
15	0	Pony/4_control-structures_14.txt	1
15	0	Pony/4_control-structures_16.txt	1
15	0	Pony/2_ops_1.txt	1
15	0	Pony/4_control-structures_3.txt	1
15	0	Pony/4_control-structures_19.txt	1
15	0	Pony/4_control-structures_1.txt	1
16	0	Pony/2_primitives_3.txt	1
16	0	Pony/builtin-String-_36.txt	1
16	0	Pony/5_methods_1.txt	1
16	0	Pony/src-builtin-string-_146.txt	1
16	0	Pony/builtin-String-_55.txt	1
16	0	Pony/2_ops_2.txt	1
16	0	Pony/1_variables_2.txt	1
16	0	Pony/collections-Range-_0.txt	1
16	0	Pony/4_control-structures_17.txt	1
16	0	Pony/1_variables_1.txt	1
16	0	Pony/4_control-structures_18.txt	1
16	0	Pony/2_ops_1.txt	1
16	0	Pony/6_errors_2.txt	1
16	0	Pony/6_errors_1.txt	1
16	0	Pony/6_errors_3.txt	1
16	0	Pony/4_control-structures_15.txt	1
16	0	Pony/4_control-structures_11.txt	1
16	0	Pony/4_control-structures_2.txt	1
16	0	Pony/4_control-structures_13.txt	1
16	0	Pony/3_arithmetic_5.txt	1
16	0	Pony/4_control-structures_14.txt	1
16	0	Pony/4_control-structures_16.txt	1
16	0	Pony/4_control-structures_12.txt	1
16	0	Pony/4_control-structures_3.txt	1
16	0	Pony/4_control-structures_19.txt	1
16	0	Pony/4_control-structures_1.txt	1
17	0	Pony/collections-HashMap-_0.txt	1
17	0	Pony/2_primitives_3.txt	1
17	0	Pony/5_methods_1.txt	1
17	0	Pony/2_ops_2.txt	1
17	0	Pony/4_control-structures_12.txt	1
17	0	Pony/1_variables_2.txt	1
17	0	Pony/4_control-structures_17.txt	1
17	0	Pony/1_variables_1.txt	1
17	0	Pony/4_control-structures_18.txt	1
17	0	Pony/4_control-structures_15.txt	1
17	0	Pony/4_control-structures_2.txt	1
17	0	Pony/4_control-structures_11.txt	1
17	0	Pony/4_control-structures_13.txt	1
17	0	Pony/4_control-structures_14.txt	1
17	0	Pony/4_control-structures_16.txt	1
17	0	Pony/2_ops_1.txt	1
17	0	Pony/4_control-structures_3.txt	1
17	0	Pony/4_control-structures_19.txt	1
17	0	Pony/4_control-structures_1.txt	1
18	0	Pony/4_control-structures_13.txt	1
18	0	Pony/2_primitives_3.txt	1
18	0	Pony/4_control-structures_18.txt	1
18	0	Pony/4_control-structures_17.txt	1
18	0	Pony/4_control-structures_11.txt	1
18	0	Pony/4_control-structures_14.txt	1
18	0	Pony/4_control-structures_15.txt	1
18	0	Pony/1_variables_1.txt	1
18	0	Pony/4_control-structures_16.txt	1
18	0	Pony/5_methods_1.txt	1
18	0	Pony/4_control-structures_2.txt	1
18	0	Pony/2_ops_1.txt	1
18	0	Pony/2_ops_2.txt	1
18	0	Pony/4_control-structures_3.txt	1
18	0	Pony/4_control-structures_12.txt	1
18	0	Pony/4_control-structures_19.txt	1
18	0	Pony/4_control-structures_1.txt	1
18	0	Pony/1_variables_2.txt	1
19	0	Pony/2_primitives_3.txt	1
19	0	Pony/6_errors_2.txt	1
19	0	Pony/6_errors_1.txt	1
19	0	Pony/3_arithmetic_5.txt	1
19	0	Pony/6_errors_3.txt	1
19	0	Pony/5_methods_1.txt	1
20	0	Pony/2_ops_9.txt	1
20	0	Pony/2_primitives_3.txt	1
20	0	Pony/2_ops_10.txt	1
20	0	Pony/5_methods_1.txt	1
20	0	Pony/4_control-structures_2.txt	1
20	0	Pony/2_ops_11.txt	1
20	0	Pony/2_ops_1.txt	1
20	0	Pony/2_ops_2.txt	1
20	0	Pony/4_control-structures_3.txt	1
20	0	Pony/4_control-structures_1.txt	1
21	0	Pony/2_primitives_3.txt	1
21	0	Pony/5_methods_1.txt	1
21	0	Pony/2_ops_2.txt	1
21	0	Pony/4_control-structures_12.txt	1
21	0	Pony/1_variables_2.txt	1
21	0	Pony/4_control-structures_17.txt	1
21	0	Pony/7_type-expressions_2.txt	1
21	0	Pony/1_variables_1.txt	1
21	0	Pony/4_control-structures_18.txt	1
21	0	Pony/4_control-structures_15.txt	1
21	0	Pony/4_control-structures_11.txt	1
21	0	Pony/4_control-structures_2.txt	1
21	0	Pony/4_control-structures_13.txt	1
21	0	Pony/7_type-expressions_1.txt	1
21	0	Pony/4_control-structures_14.txt	1
21	0	Pony/4_control-structures_16.txt	1
21	0	Pony/2_ops_1.txt	1
21	0	Pony/4_control-structures_3.txt	1
21	0	Pony/4_control-structures_19.txt	1
21	0	Pony/4_control-structures_1.txt	1
22	0	Pony/collections-HashMap-_0.txt	1
22	0	Pony/2_primitives_3.txt	1
22	0	Pony/5_methods_1.txt	1
22	0	Pony/2_ops_2.txt	1
22	0	Pony/4_control-structures_12.txt	1
22	0	Pony/1_variables_2.txt	1
22	0	Pony/4_control-structures_17.txt	1
22	0	Pony/7_type-expressions_2.txt	1
22	0	Pony/1_variables_1.txt	1
22	0	Pony/4_control-structures_18.txt	1
22	0	Pony/6_errors_2.txt	1
22	0	Pony/6_errors_1.txt	1
22	0	Pony/6_errors_3.txt	1
22	0	Pony/4_control-structures_15.txt	1
22	0	Pony/4_control-structures_11.txt	1
22	0	Pony/4_control-structures_2.txt	1
22	0	Pony/4_control-structures_13.txt	1
22	0	Pony/7_type-expressions_1.txt	1
22	0	Pony/4_control-structures_14.txt	1
22	0	Pony/4_control-structures_16.txt	1
22	0	Pony/2_ops_1.txt	1
22	0	Pony/4_control-structures_3.txt	1
22	0	Pony/4_control-structures_19.txt	1
22	0	Pony/4_control-structures_1.txt	1
23	0	Pony/2_primitives_3.txt	1
23	0	Pony/5_methods_1.txt	1
23	0	Pony/2_ops_2.txt	1
23	0	Pony/4_control-structures_12.txt	1
23	0	Pony/1_variables_2.txt	1
23	0	Pony/collections-Range-_0.txt	1
23	0	Pony/4_control-structures_17.txt	1
23	0	Pony/1_variables_1.txt	1
23	0	Pony/4_control-structures_18.txt	1
23	0	Pony/4_control-structures_15.txt	1
23	0	Pony/4_control-structures_11.txt	1
23	0	Pony/4_control-structures_2.txt	1
23	0	Pony/4_control-structures_13.txt	1
23	0	Pony/4_control-structures_14.txt	1
23	0	Pony/4_control-structures_16.txt	1
23	0	Pony/2_ops_1.txt	1
23	0	Pony/4_control-structures_3.txt	1
23	0	Pony/4_control-structures_19.txt	1
23	0	Pony/4_control-structures_1.txt	1
24	0	Pony/2_primitives_3.txt	1
24	0	Pony/builtin-String-_36.txt	1
24	0	Pony/5_methods_1.txt	1
24	0	Pony/2_ops_2.txt	1
24	0	Pony/4_control-structures_12.txt	1
24	0	Pony/1_variables_2.txt	1
24	0	Pony/collections-Range-_0.txt	1
24	0	Pony/4_control-structures_17.txt	1
24	0	Pony/7_type-expressions_2.txt	1
24	0	Pony/1_variables_1.txt	1
24	0	Pony/4_control-structures_18.txt	1
24	0	Pony/6_errors_2.txt	1
24	0	Pony/6_errors_1.txt	1
24	0	Pony/6_errors_3.txt	1
24	0	Pony/4_control-structures_15.txt	1
24	0	Pony/4_control-structures_11.txt	1
24	0	Pony/4_control-structures_2.txt	1
24	0	Pony/4_control-structures_13.txt	1
24	0	Pony/7_type-expressions_1.txt	1
24	0	Pony/3_arithmetic_5.txt	1
24	0	Pony/4_control-structures_14.txt	1
24	0	Pony/4_control-structures_16.txt	1
24	0	Pony/2_ops_1.txt	1
24	0	Pony/4_control-structures_3.txt	1
24	0	Pony/4_control-structures_19.txt	1
24	0	Pony/4_control-structures_1.txt	1
25	0	Pony/2_ops_1.txt	1
25	0	Pony/2_ops_9.txt	1
25	0	Pony/4_control-structures_13.txt	1
25	0	Pony/2_primitives_3.txt	1
25	0	Pony/4_control-structures_17.txt	1
25	0	Pony/4_control-structures_11.txt	1
25	0	Pony/4_control-structures_14.txt	1
25	0	Pony/2_ops_10.txt	1
25	0	Pony/4_control-structures_15.txt	1
25	0	Pony/4_control-structures_16.txt	1
25	0	Pony/5_methods_1.txt	1
25	0	Pony/2_ops_11.txt	1
25	0	Pony/4_control-structures_12.txt	1
25	0	Pony/2_ops_2.txt	1
25	0	Pony/1_variables_1.txt	1
25	0	Pony/4_control-structures_19.txt	1
25	0	Pony/4_control-structures_18.txt	1
25	0	Pony/1_variables_2.txt	1
26	0	Pony/2_ops_1.txt	1
26	0	Pony/2_ops_9.txt	1
26	0	Pony/2_primitives_3.txt	1
26	0	Pony/4_control-structures_1.txt	1
26	0	Pony/5_methods_1.txt	1
26	0	Pony/2_ops_11.txt	1
26	0	Pony/4_control-structures_2.txt	1
26	0	Pony/2_ops_2.txt	1
26	0	Pony/4_control-structures_3.txt	1
26	0	Pony/2_ops_10.txt	1
27	0	Pony/2_primitives_3.txt	1
27	0	Pony/5_methods_1.txt	1
27	0	Pony/2_ops_11.txt	1
27	0	Pony/2_ops_2.txt	1
27	0	Pony/4_control-structures_12.txt	1
27	0	Pony/2_ops_10.txt	1
27	0	Pony/1_variables_2.txt	1
27	0	Pony/4_control-structures_17.txt	1
27	0	Pony/7_type-expressions_2.txt	1
27	0	Pony/7_type-expressions_3.txt	1
27	0	Pony/1_variables_1.txt	1
27	0	Pony/4_control-structures_18.txt	1
27	0	Pony/2_ops_9.txt	1
27	0	Pony/4_control-structures_15.txt	1
27	0	Pony/4_control-structures_11.txt	1
27	0	Pony/4_control-structures_2.txt	1
27	0	Pony/4_control-structures_13.txt	1
27	0	Pony/7_type-expressions_1.txt	1
27	0	Pony/3_arithmetic_5.txt	1
27	0	Pony/4_control-structures_14.txt	1
27	0	Pony/4_control-structures_16.txt	1
27	0	Pony/2_ops_1.txt	1
27	0	Pony/4_control-structures_3.txt	1
27	0	Pony/4_control-structures_19.txt	1
27	0	Pony/4_control-structures_1.txt	1
28	0	Pony/2_primitives_3.txt	1
28	0	Pony/builtin-String-_36.txt	1
28	0	Pony/5_methods_1.txt	1
28	0	Pony/2_ops_11.txt	1
28	0	Pony/2_ops_2.txt	1
28	0	Pony/4_control-structures_12.txt	1
28	0	Pony/2_ops_10.txt	1
28	0	Pony/1_variables_2.txt	1
28	0	Pony/4_control-structures_17.txt	1
28	0	Pony/1_variables_1.txt	1
28	0	Pony/4_control-structures_18.txt	1
28	0	Pony/2_ops_9.txt	1
28	0	Pony/6_errors_2.txt	1
28	0	Pony/6_errors_1.txt	1
28	0	Pony/6_errors_3.txt	1
28	0	Pony/4_control-structures_15.txt	1
28	0	Pony/4_control-structures_11.txt	1
28	0	Pony/4_control-structures_2.txt	1
28	0	Pony/4_control-structures_13.txt	1
28	0	Pony/3_arithmetic_5.txt	1
28	0	Pony/4_control-structures_14.txt	1
28	0	Pony/4_control-structures_16.txt	1
28	0	Pony/2_ops_1.txt	1
28	0	Pony/4_control-structures_3.txt	1
28	0	Pony/4_control-structures_19.txt	1
28	0	Pony/4_control-structures_1.txt	1
29	0	Pony/2_ops_9.txt	1
29	0	Pony/2_primitives_3.txt	1
29	0	Pony/3_arithmetic_5.txt	1
29	0	Pony/builtin-String-_36.txt	1
29	0	Pony/5_methods_1.txt	1
29	0	Pony/2_ops_11.txt	1
29	0	Pony/2_ops_1.txt	1
29	0	Pony/2_ops_2.txt	1
29	0	Pony/2_ops_10.txt	1
30	0	Pony/2_primitives_3.txt	1
30	0	Pony/5_methods_1.txt	1
30	0	Pony/2_ops_11.txt	1
30	0	Pony/2_ops_2.txt	1
30	0	Pony/4_control-structures_12.txt	1
30	0	Pony/2_ops_10.txt	1
30	0	Pony/1_variables_2.txt	1
30	0	Pony/collections-Range-_0.txt	1
30	0	Pony/4_control-structures_17.txt	1
30	0	Pony/1_variables_1.txt	1
30	0	Pony/4_control-structures_18.txt	1
30	0	Pony/2_ops_9.txt	1
30	0	Pony/6_errors_2.txt	1
30	0	Pony/6_errors_1.txt	1
30	0	Pony/6_errors_3.txt	1
30	0	Pony/4_control-structures_15.txt	1
30	0	Pony/4_control-structures_2.txt	1
30	0	Pony/4_control-structures_11.txt	1
30	0	Pony/4_control-structures_13.txt	1
30	0	Pony/4_control-structures_14.txt	1
30	0	Pony/4_control-structures_16.txt	1
30	0	Pony/2_ops_1.txt	1
30	0	Pony/4_control-structures_3.txt	1
30	0	Pony/4_control-structures_19.txt	1
30	0	Pony/4_control-structures_1.txt	1
31	0	Pony/2_primitives_3.txt	1
31	0	Pony/5_methods_1.txt	1
31	0	Pony/2_ops_2.txt	1
31	0	Pony/4_control-structures_12.txt	1
31	0	Pony/1_variables_2.txt	1
31	0	Pony/4_control-structures_17.txt	1
31	0	Pony/1_variables_1.txt	1
31	0	Pony/4_control-structures_18.txt	1
31	0	Pony/6_errors_2.txt	1
31	0	Pony/6_errors_1.txt	1
31	0	Pony/6_errors_3.txt	1
31	0	Pony/4_control-structures_15.txt	1
31	0	Pony/4_control-structures_11.txt	1
31	0	Pony/4_control-structures_2.txt	1
31	0	Pony/4_control-structures_13.txt	1
31	0	Pony/3_arithmetic_5.txt	1
31	0	Pony/4_control-structures_14.txt	1
31	0	Pony/4_control-structures_16.txt	1
31	0	Pony/2_ops_1.txt	1
31	0	Pony/4_control-structures_3.txt	1
31	0	Pony/4_control-structures_19.txt	1
31	0	Pony/4_control-structures_1.txt	1
32	0	Pony/2_primitives_3.txt	1
32	0	Pony/5_methods_1.txt	1
32	0	Pony/2_ops_2.txt	1
32	0	Pony/4_control-structures_12.txt	1
32	0	Pony/1_variables_2.txt	1
32	0	Pony/collections-Range-_0.txt	1
32	0	Pony/4_control-structures_17.txt	1
32	0	Pony/1_variables_1.txt	1
32	0	Pony/4_control-structures_18.txt	1
32	0	Pony/6_errors_2.txt	1
32	0	Pony/6_errors_1.txt	1
32	0	Pony/6_errors_3.txt	1
32	0	Pony/4_control-structures_15.txt	1
32	0	Pony/4_control-structures_11.txt	1
32	0	Pony/4_control-structures_2.txt	1
32	0	Pony/4_control-structures_13.txt	1
32	0	Pony/4_control-structures_14.txt	1
32	0	Pony/4_control-structures_16.txt	1
32	0	Pony/2_ops_1.txt	1
32	0	Pony/4_control-structures_3.txt	1
32	0	Pony/4_control-structures_19.txt	1
32	0	Pony/4_control-structures_1.txt	1
33	0	Pony/2_primitives_3.txt	1
33	0	Pony/builtin-String-_36.txt	1
33	0	Pony/5_methods_1.txt	1
33	0	Pony/2_ops_11.txt	1
33	0	Pony/2_ops_2.txt	1
33	0	Pony/4_control-structures_12.txt	1
33	0	Pony/2_ops_10.txt	1
33	0	Pony/1_variables_2.txt	1
33	0	Pony/collections-Range-_0.txt	1
33	0	Pony/4_control-structures_17.txt	1
33	0	Pony/1_variables_1.txt	1
33	0	Pony/4_control-structures_18.txt	1
33	0	Pony/2_ops_9.txt	1
33	0	Pony/4_control-structures_15.txt	1
33	0	Pony/4_control-structures_2.txt	1
33	0	Pony/4_control-structures_11.txt	1
33	0	Pony/4_control-structures_13.txt	1
33	0	Pony/3_arithmetic_5.txt	1
33	0	Pony/4_control-structures_14.txt	1
33	0	Pony/4_control-structures_16.txt	1
33	0	Pony/2_ops_1.txt	1
33	0	Pony/4_control-structures_3.txt	1
33	0	Pony/4_control-structures_19.txt	1
33	0	Pony/4_control-structures_1.txt	1
34	0	Pony/2_ops_1.txt	1
34	0	Pony/2_ops_2.txt	1
34	0	Pony/5_methods_1.txt	1
34	0	Pony/builtin-String-_38.txt	1
35	0	Pony/2_primitives_3.txt	1
35	0	Pony/1_variables_1.txt	1
35	0	Pony/5_methods_1.txt	1
35	0	Pony/4_control-structures_2.txt	1
35	0	Pony/2_ops_1.txt	1
35	0	Pony/2_ops_2.txt	1
35	0	Pony/4_control-structures_3.txt	1
35	0	Pony/4_control-structures_1.txt	1
35	0	Pony/1_variables_2.txt	1
36	0	Pony/2_primitives_3.txt	1
36	0	Pony/5_methods_1.txt	1
36	0	Pony/2_ops_11.txt	1
36	0	Pony/2_ops_2.txt	1
36	0	Pony/4_control-structures_12.txt	1
36	0	Pony/2_ops_10.txt	1
36	0	Pony/1_variables_2.txt	1
36	0	Pony/4_control-structures_17.txt	1
36	0	Pony/1_variables_1.txt	1
36	0	Pony/4_control-structures_18.txt	1
36	0	Pony/2_ops_9.txt	1
36	0	Pony/4_control-structures_15.txt	1
36	0	Pony/4_control-structures_2.txt	1
36	0	Pony/4_control-structures_11.txt	1
36	0	Pony/4_control-structures_13.txt	1
36	0	Pony/4_control-structures_14.txt	1
36	0	Pony/4_control-structures_16.txt	1
36	0	Pony/2_ops_1.txt	1
36	0	Pony/4_control-structures_3.txt	1
36	0	Pony/4_control-structures_19.txt	1
36	0	Pony/4_control-structures_1.txt	1
37	0	Pony/2_primitives_3.txt	1
37	0	Pony/builtin-String-_36.txt	1
37	0	Pony/5_methods_1.txt	1
37	0	Pony/2_ops_2.txt	1
37	0	Pony/4_control-structures_12.txt	1
37	0	Pony/1_variables_2.txt	1
37	0	Pony/collections-Range-_0.txt	1
37	0	Pony/4_control-structures_17.txt	1
37	0	Pony/1_variables_1.txt	1
37	0	Pony/4_control-structures_18.txt	1
37	0	Pony/4_control-structures_15.txt	1
37	0	Pony/4_control-structures_11.txt	1
37	0	Pony/4_control-structures_2.txt	1
37	0	Pony/4_control-structures_13.txt	1
37	0	Pony/3_arithmetic_5.txt	1
37	0	Pony/4_control-structures_14.txt	1
37	0	Pony/4_control-structures_16.txt	1
37	0	Pony/2_ops_1.txt	1
37	0	Pony/4_control-structures_3.txt	1
37	0	Pony/4_control-structures_19.txt	1
37	0	Pony/4_control-structures_1.txt	1
38	0	Pony/2_primitives_3.txt	1
38	0	Pony/5_methods_1.txt	1
38	0	Pony/4_control-structures_2.txt	1
38	0	Pony/2_ops_1.txt	1
38	0	Pony/2_ops_2.txt	1
38	0	Pony/4_control-structures_3.txt	1
38	0	Pony/4_control-structures_1.txt	1
39	0	Pony/2_primitives_3.txt	1
39	0	Pony/5_methods_1.txt	1
39	0	Pony/2_ops_11.txt	1
39	0	Pony/2_ops_2.txt	1
39	0	Pony/4_control-structures_12.txt	1
39	0	Pony/2_ops_10.txt	1
39	0	Pony/1_variables_2.txt	1
39	0	Pony/4_control-structures_17.txt	1
39	0	Pony/1_variables_1.txt	1
39	0	Pony/4_control-structures_18.txt	1
39	0	Pony/2_ops_9.txt	1
39	0	Pony/4_control-structures_15.txt	1
39	0	Pony/4_control-structures_11.txt	1
39	0	Pony/4_control-structures_2.txt	1
39	0	Pony/4_control-structures_13.txt	1
39	0	Pony/4_control-structures_14.txt	1
39	0	Pony/4_control-structures_16.txt	1
39	0	Pony/2_ops_1.txt	1
39	0	Pony/4_control-structures_3.txt	1
39	0	Pony/4_control-structures_19.txt	1
39	0	Pony/4_control-structures_1.txt	1
40	0	Pony/2_primitives_3.txt	1
40	0	Pony/5_methods_1.txt	1
40	0	Pony/2_ops_11.txt	1
40	0	Pony/2_ops_2.txt	1
40	0	Pony/4_control-structures_12.txt	1
40	0	Pony/2_ops_10.txt	1
40	0	Pony/1_variables_2.txt	1
40	0	Pony/collections-Range-_0.txt	1
40	0	Pony/4_control-structures_17.txt	1
40	0	Pony/1_variables_1.txt	1
40	0	Pony/4_control-structures_18.txt	1
40	0	Pony/2_ops_9.txt	1
40	0	Pony/6_errors_2.txt	1
40	0	Pony/6_errors_1.txt	1
40	0	Pony/6_errors_3.txt	1
40	0	Pony/4_control-structures_15.txt	1
40	0	Pony/4_control-structures_11.txt	1
40	0	Pony/4_control-structures_2.txt	1
40	0	Pony/4_control-structures_13.txt	1
40	0	Pony/4_control-structures_14.txt	1
40	0	Pony/4_control-structures_16.txt	1
40	0	Pony/2_ops_1.txt	1
40	0	Pony/4_control-structures_3.txt	1
40	0	Pony/4_control-structures_19.txt	1
40	0	Pony/4_control-structures_1.txt	1
41	0	Pony/2_primitives_3.txt	1
41	0	Pony/5_methods_1.txt	1
41	0	Pony/2_ops_2.txt	1
41	0	Pony/4_control-structures_12.txt	1
41	0	Pony/1_variables_2.txt	1
41	0	Pony/collections-Range-_0.txt	1
41	0	Pony/4_control-structures_17.txt	1
41	0	Pony/1_variables_1.txt	1
41	0	Pony/4_control-structures_18.txt	1
41	0	Pony/4_control-structures_15.txt	1
41	0	Pony/4_control-structures_11.txt	1
41	0	Pony/4_control-structures_2.txt	1
41	0	Pony/4_control-structures_13.txt	1
41	0	Pony/3_arithmetic_5.txt	1
41	0	Pony/4_control-structures_14.txt	1
41	0	Pony/4_control-structures_16.txt	1
41	0	Pony/2_ops_1.txt	1
41	0	Pony/4_control-structures_3.txt	1
41	0	Pony/4_control-structures_19.txt	1
41	0	Pony/4_control-structures_1.txt	1
42	0	Pony/2_primitives_3.txt	1
42	0	Pony/5_methods_1.txt	1
42	0	Pony/2_ops_2.txt	1
42	0	Pony/4_control-structures_12.txt	1
42	0	Pony/1_variables_2.txt	1
42	0	Pony/collections-Range-_0.txt	1
42	0	Pony/4_control-structures_17.txt	1
42	0	Pony/1_variables_1.txt	1
42	0	Pony/4_control-structures_18.txt	1
42	0	Pony/6_errors_2.txt	1
42	0	Pony/6_errors_1.txt	1
42	0	Pony/6_errors_3.txt	1
42	0	Pony/4_control-structures_15.txt	1
42	0	Pony/4_control-structures_11.txt	1
42	0	Pony/4_control-structures_13.txt	1
42	0	Pony/4_control-structures_14.txt	1
42	0	Pony/4_control-structures_16.txt	1
42	0	Pony/2_ops_1.txt	1
42	0	Pony/4_control-structures_19.txt	1
43	0	Pony/2_primitives_3.txt	1
43	0	Pony/builtin-String-_36.txt	1
43	0	Pony/5_methods_1.txt	1
43	0	Pony/2_ops_11.txt	1
43	0	Pony/2_ops_2.txt	1
43	0	Pony/4_control-structures_12.txt	1
43	0	Pony/2_ops_10.txt	1
43	0	Pony/1_variables_2.txt	1
43	0	Pony/collections-Range-_0.txt	1
43	0	Pony/4_control-structures_17.txt	1
43	0	Pony/1_variables_1.txt	1
43	0	Pony/4_control-structures_18.txt	1
43	0	Pony/2_ops_9.txt	1
43	0	Pony/4_control-structures_15.txt	1
43	0	Pony/4_control-structures_2.txt	1
43	0	Pony/4_control-structures_11.txt	1
43	0	Pony/4_control-structures_13.txt	1
43	0	Pony/3_arithmetic_5.txt	1
43	0	Pony/4_control-structures_14.txt	1
43	0	Pony/4_control-structures_16.txt	1
43	0	Pony/2_ops_1.txt	1
43	0	Pony/4_control-structures_3.txt	1
43	0	Pony/4_control-structures_19.txt	1
43	0	Pony/4_control-structures_1.txt	1
44	0	Pony/5_methods_1.txt	1
44	0	Pony/2_primitives_3.txt	1
45	0	Pony/2_primitives_3.txt	1
45	0	Pony/5_methods_1.txt	1
45	0	Pony/2_ops_11.txt	1
45	0	Pony/2_ops_2.txt	1
45	0	Pony/4_control-structures_12.txt	1
45	0	Pony/2_ops_10.txt	1
45	0	Pony/collections-Range-_0.txt	1
45	0	Pony/4_control-structures_17.txt	1
45	0	Pony/4_control-structures_18.txt	1
45	0	Pony/2_ops_9.txt	1
45	0	Pony/4_control-structures_15.txt	1
45	0	Pony/4_control-structures_11.txt	1
45	0	Pony/4_control-structures_2.txt	1
45	0	Pony/4_control-structures_13.txt	1
45	0	Pony/4_control-structures_14.txt	1
45	0	Pony/4_control-structures_16.txt	1
45	0	Pony/2_ops_1.txt	1
45	0	Pony/4_control-structures_3.txt	1
45	0	Pony/4_control-structures_19.txt	1
45	0	Pony/4_control-structures_1.txt	1
46	0	Pony/2_ops_1.txt	1
46	0	Pony/2_primitives_3.txt	1
46	0	Pony/4_control-structures_13.txt	1
46	0	Pony/4_control-structures_1.txt	1
46	0	Pony/4_control-structures_17.txt	1
46	0	Pony/4_control-structures_11.txt	1
46	0	Pony/4_control-structures_14.txt	1
46	0	Pony/4_control-structures_3.txt	1
46	0	Pony/4_control-structures_15.txt	1
46	0	Pony/4_control-structures_16.txt	1
46	0	Pony/5_methods_1.txt	1
46	0	Pony/4_control-structures_2.txt	1
46	0	Pony/4_control-structures_12.txt	1
46	0	Pony/2_ops_2.txt	1
46	0	Pony/1_variables_1.txt	1
46	0	Pony/4_control-structures_19.txt	1
46	0	Pony/4_control-structures_18.txt	1
46	0	Pony/1_variables_2.txt	1
47	0	Pony/2_ops_9.txt	1
47	0	Pony/2_primitives_3.txt	1
47	0	Pony/2_ops_11.txt	1
47	0	Pony/2_ops_1.txt	1
47	0	Pony/2_ops_2.txt	1
47	0	Pony/1_variables_1.txt	1
47	0	Pony/2_ops_10.txt	1
47	0	Pony/1_variables_2.txt	1
48	0	Pony/2_primitives_3.txt	1
48	0	Pony/5_methods_1.txt	1
48	0	Pony/2_ops_2.txt	1
48	0	Pony/4_control-structures_12.txt	1
48	0	Pony/1_variables_2.txt	1
48	0	Pony/2_how-it-works_1.txt	1
48	0	Pony/2_how-it-works_0.txt	1
48	0	Pony/collections-Range-_0.txt	1
48	0	Pony/4_control-structures_17.txt	1
48	0	Pony/1_variables_1.txt	1
48	0	Pony/4_control-structures_18.txt	1
48	0	Pony/2_how-it-works_2.txt	1
48	0	Pony/6_errors_2.txt	1
48	0	Pony/6_errors_1.txt	1
48	0	Pony/6_errors_3.txt	1
48	0	Pony/4_control-structures_15.txt	1
48	0	Pony/4_control-structures_2.txt	1
48	0	Pony/4_control-structures_11.txt	1
48	0	Pony/4_control-structures_13.txt	1
48	0	Pony/4_control-structures_14.txt	1
48	0	Pony/4_control-structures_16.txt	1
48	0	Pony/2_ops_1.txt	1
48	0	Pony/4_control-structures_3.txt	1
48	0	Pony/4_control-structures_19.txt	1
48	0	Pony/4_control-structures_1.txt	1
49	0	Pony/2_primitives_3.txt	1
49	0	Pony/5_methods_1.txt	1
49	0	Pony/2_ops_11.txt	1
49	0	Pony/2_ops_2.txt	1
49	0	Pony/4_control-structures_12.txt	1
49	0	Pony/2_ops_10.txt	1
49	0	Pony/1_variables_2.txt	1
49	0	Pony/4_control-structures_17.txt	1
49	0	Pony/1_variables_1.txt	1
49	0	Pony/4_control-structures_18.txt	1
49	0	Pony/2_ops_9.txt	1
49	0	Pony/6_errors_2.txt	1
49	0	Pony/6_errors_1.txt	1
49	0	Pony/6_errors_3.txt	1
49	0	Pony/4_control-structures_15.txt	1
49	0	Pony/4_control-structures_11.txt	1
49	0	Pony/4_control-structures_13.txt	1
49	0	Pony/3_arithmetic_5.txt	1
49	0	Pony/4_control-structures_14.txt	1
49	0	Pony/4_control-structures_16.txt	1
49	0	Pony/2_ops_1.txt	1
49	0	Pony/4_control-structures_19.txt	1
50	0	Pony/4_control-structures_13.txt	1
50	0	Pony/2_primitives_3.txt	1
50	0	Pony/4_control-structures_18.txt	1
50	0	Pony/4_control-structures_17.txt	1
50	0	Pony/4_control-structures_11.txt	1
50	0	Pony/4_control-structures_14.txt	1
50	0	Pony/4_control-structures_15.txt	1
50	0	Pony/1_variables_1.txt	1
50	0	Pony/4_control-structures_16.txt	1
50	0	Pony/5_methods_1.txt	1
50	0	Pony/4_control-structures_2.txt	1
50	0	Pony/2_ops_1.txt	1
50	0	Pony/2_ops_2.txt	1
50	0	Pony/4_control-structures_3.txt	1
50	0	Pony/4_control-structures_12.txt	1
50	0	Pony/4_control-structures_19.txt	1
50	0	Pony/4_control-structures_1.txt	1
50	0	Pony/1_variables_2.txt	1
51	0	Pony/2_ops_1.txt	1
51	0	Pony/2_ops_9.txt	1
51	0	Pony/2_primitives_3.txt	1
51	0	Pony/4_control-structures_1.txt	1
51	0	Pony/5_methods_1.txt	1
51	0	Pony/2_ops_11.txt	1
51	0	Pony/4_control-structures_2.txt	1
51	0	Pony/2_ops_2.txt	1
51	0	Pony/4_control-structures_3.txt	1
51	0	Pony/2_ops_10.txt	1
52	0	Pony/2_primitives_3.txt	1
52	0	Pony/5_methods_1.txt	1
52	0	Pony/2_ops_2.txt	1
52	0	Pony/4_control-structures_12.txt	1
52	0	Pony/1_variables_2.txt	1
52	0	Pony/collections-Range-_0.txt	1
52	0	Pony/4_control-structures_17.txt	1
52	0	Pony/1_variables_1.txt	1
52	0	Pony/4_control-structures_18.txt	1
52	0	Pony/6_errors_2.txt	1
52	0	Pony/6_errors_1.txt	1
52	0	Pony/6_errors_3.txt	1
52	0	Pony/4_control-structures_15.txt	1
52	0	Pony/4_control-structures_2.txt	1
52	0	Pony/4_control-structures_11.txt	1
52	0	Pony/4_control-structures_13.txt	1
52	0	Pony/4_control-structures_14.txt	1
52	0	Pony/4_control-structures_16.txt	1
52	0	Pony/2_ops_1.txt	1
52	0	Pony/4_control-structures_3.txt	1
52	0	Pony/4_control-structures_19.txt	1
52	0	Pony/4_control-structures_1.txt	1
53	0	Pony/2_primitives_3.txt	1
53	0	Pony/5_methods_1.txt	1
53	0	Pony/2_ops_11.txt	1
53	0	Pony/2_ops_2.txt	1
53	0	Pony/4_control-structures_12.txt	1
53	0	Pony/2_ops_10.txt	1
53	0	Pony/1_variables_2.txt	1
53	0	Pony/collections-Range-_0.txt	1
53	0	Pony/4_control-structures_17.txt	1
53	0	Pony/1_variables_1.txt	1
53	0	Pony/4_control-structures_18.txt	1
53	0	Pony/2_ops_9.txt	1
53	0	Pony/6_errors_2.txt	1
53	0	Pony/6_errors_1.txt	1
53	0	Pony/6_errors_3.txt	1
53	0	Pony/4_control-structures_15.txt	1
53	0	Pony/4_control-structures_11.txt	1
53	0	Pony/4_control-structures_2.txt	1
53	0	Pony/4_control-structures_13.txt	1
53	0	Pony/4_control-structures_14.txt	1
53	0	Pony/4_control-structures_16.txt	1
53	0	Pony/2_ops_1.txt	1
53	0	Pony/4_control-structures_3.txt	1
53	0	Pony/4_control-structures_19.txt	1
53	0	Pony/4_control-structures_1.txt	1
54	0	Pony/2_primitives_3.txt	1
54	0	Pony/builtin-String-_36.txt	1
54	0	Pony/5_methods_1.txt	1
54	0	Pony/2_ops_11.txt	1
54	0	Pony/2_ops_2.txt	1
54	0	Pony/2_ops_10.txt	1
54	0	Pony/1_variables_2.txt	1
54	0	Pony/collections-Range-_0.txt	1
54	0	Pony/4_control-structures_17.txt	1
54	0	Pony/1_variables_1.txt	1
54	0	Pony/4_control-structures_18.txt	1
54	0	Pony/2_ops_9.txt	1
54	0	Pony/2_ops_1.txt	1
54	0	Pony/4_control-structures_15.txt	1
54	0	Pony/4_control-structures_11.txt	1
54	0	Pony/4_control-structures_2.txt	1
54	0	Pony/4_control-structures_13.txt	1
54	0	Pony/3_arithmetic_5.txt	1
54	0	Pony/4_control-structures_14.txt	1
54	0	Pony/4_control-structures_16.txt	1
54	0	Pony/4_control-structures_12.txt	1
54	0	Pony/4_control-structures_3.txt	1
54	0	Pony/4_control-structures_19.txt	1
54	0	Pony/4_control-structures_1.txt	1
55	0	Pony/2_ops_1.txt	1
55	0	Pony/4_control-structures_13.txt	1
55	0	Pony/4_control-structures_1.txt	1
55	0	Pony/2_primitives_3.txt	1
55	0	Pony/4_control-structures_18.txt	1
55	0	Pony/4_control-structures_17.txt	1
55	0	Pony/4_control-structures_11.txt	1
55	0	Pony/4_control-structures_14.txt	1
55	0	Pony/4_control-structures_15.txt	1
55	0	Pony/4_control-structures_16.txt	1
55	0	Pony/5_methods_1.txt	1
55	0	Pony/4_control-structures_2.txt	1
55	0	Pony/4_control-structures_12.txt	1
55	0	Pony/2_ops_2.txt	1
55	0	Pony/1_variables_1.txt	1
55	0	Pony/4_control-structures_19.txt	1
55	0	Pony/4_control-structures_3.txt	1
55	0	Pony/1_variables_2.txt	1
56	0	Pony/2_primitives_3.txt	1
56	0	Pony/5_methods_1.txt	1
56	0	Pony/2_ops_2.txt	1
56	0	Pony/4_control-structures_12.txt	1
56	0	Pony/1_variables_2.txt	1
56	0	Pony/4_control-structures_17.txt	1
56	0	Pony/1_variables_1.txt	1
56	0	Pony/4_control-structures_18.txt	1
56	0	Pony/4_control-structures_15.txt	1
56	0	Pony/4_control-structures_11.txt	1
56	0	Pony/4_control-structures_2.txt	1
56	0	Pony/4_control-structures_13.txt	1
56	0	Pony/3_arithmetic_5.txt	1
56	0	Pony/4_control-structures_14.txt	1
56	0	Pony/4_control-structures_16.txt	1
56	0	Pony/2_ops_1.txt	1
56	0	Pony/4_control-structures_3.txt	1
56	0	Pony/4_control-structures_19.txt	1
56	0	Pony/4_control-structures_1.txt	1
57	0	Pony/2_primitives_3.txt	1
57	0	Pony/5_methods_1.txt	1
57	0	Pony/2_ops_11.txt	1
57	0	Pony/2_ops_2.txt	1
57	0	Pony/4_control-structures_12.txt	1
57	0	Pony/2_ops_10.txt	1
57	0	Pony/1_variables_2.txt	1
57	0	Pony/4_control-structures_17.txt	1
57	0	Pony/1_variables_1.txt	1
57	0	Pony/4_control-structures_18.txt	1
57	0	Pony/2_ops_9.txt	1
57	0	Pony/4_control-structures_15.txt	1
57	0	Pony/4_control-structures_11.txt	1
57	0	Pony/4_control-structures_2.txt	1
57	0	Pony/4_control-structures_13.txt	1
57	0	Pony/4_control-structures_14.txt	1
57	0	Pony/4_control-structures_16.txt	1
57	0	Pony/2_ops_1.txt	1
57	0	Pony/4_control-structures_3.txt	1
57	0	Pony/4_control-structures_19.txt	1
57	0	Pony/4_control-structures_1.txt	1
58	0	Pony/2_ops_9.txt	1
58	0	Pony/2_ops_1.txt	1
58	0	Pony/2_primitives_3.txt	1
58	0	Pony/4_control-structures_1.txt	1
58	0	Pony/1_variables_1.txt	1
58	0	Pony/2_ops_11.txt	1
58	0	Pony/4_control-structures_2.txt	1
58	0	Pony/2_ops_2.txt	1
58	0	Pony/4_control-structures_3.txt	1
58	0	Pony/2_ops_10.txt	1
58	0	Pony/1_variables_2.txt	1
59	0	Pony/5_methods_1.txt	1
60	0	Pony/2_primitives_3.txt	1
60	0	Pony/5_methods_1.txt	1
60	0	Pony/4_control-structures_2.txt	1
60	0	Pony/2_ops_1.txt	1
60	0	Pony/2_ops_2.txt	1
60	0	Pony/4_control-structures_3.txt	1
60	0	Pony/4_control-structures_1.txt	1
61	0	Pony/2_primitives_3.txt	1
61	0	Pony/builtin-String-_36.txt	1
61	0	Pony/5_methods_1.txt	1
61	0	Pony/2_ops_11.txt	1
61	0	Pony/2_ops_2.txt	1
61	0	Pony/4_control-structures_12.txt	1
61	0	Pony/2_ops_10.txt	1
61	0	Pony/1_variables_2.txt	1
61	0	Pony/collections-Range-_0.txt	1
61	0	Pony/4_control-structures_17.txt	1
61	0	Pony/1_variables_1.txt	1
61	0	Pony/4_control-structures_18.txt	1
61	0	Pony/2_ops_9.txt	1
61	0	Pony/6_errors_2.txt	1
61	0	Pony/6_errors_1.txt	1
61	0	Pony/6_errors_3.txt	1
61	0	Pony/4_control-structures_15.txt	1
61	0	Pony/4_control-structures_2.txt	1
61	0	Pony/4_control-structures_11.txt	1
61	0	Pony/4_control-structures_13.txt	1
61	0	Pony/3_arithmetic_5.txt	1
61	0	Pony/4_control-structures_14.txt	1
61	0	Pony/4_control-structures_16.txt	1
61	0	Pony/2_ops_1.txt	1
61	0	Pony/4_control-structures_3.txt	1
61	0	Pony/4_control-structures_19.txt	1
61	0	Pony/4_control-structures_1.txt	1
62	0	Pony/2_primitives_3.txt	1
62	0	Pony/5_methods_1.txt	1
62	0	Pony/2_ops_2.txt	1
62	0	Pony/1_variables_2.txt	1
62	0	Pony/collections-Range-_0.txt	1
62	0	Pony/4_control-structures_17.txt	1
62	0	Pony/1_variables_1.txt	1
62	0	Pony/4_control-structures_18.txt	1
62	0	Pony/2_ops_1.txt	1
62	0	Pony/6_errors_2.txt	1
62	0	Pony/6_errors_1.txt	1
62	0	Pony/6_errors_3.txt	1
62	0	Pony/4_control-structures_15.txt	1
62	0	Pony/4_control-structures_11.txt	1
62	0	Pony/4_control-structures_2.txt	1
62	0	Pony/4_control-structures_13.txt	1
62	0	Pony/4_control-structures_14.txt	1
62	0	Pony/4_control-structures_16.txt	1
62	0	Pony/4_control-structures_12.txt	1
62	0	Pony/4_control-structures_3.txt	1
62	0	Pony/4_control-structures_19.txt	1
62	0	Pony/4_control-structures_1.txt	1
63	0	Pony/2_primitives_3.txt	1
63	0	Pony/5_methods_1.txt	1
63	0	Pony/2_ops_11.txt	1
63	0	Pony/2_ops_2.txt	1
63	0	Pony/4_control-structures_12.txt	1
63	0	Pony/2_ops_10.txt	1
63	0	Pony/1_variables_2.txt	1
63	0	Pony/4_control-structures_17.txt	1
63	0	Pony/1_variables_1.txt	1
63	0	Pony/4_control-structures_18.txt	1
63	0	Pony/2_ops_9.txt	1
63	0	Pony/6_errors_2.txt	1
63	0	Pony/6_errors_1.txt	1
63	0	Pony/6_errors_3.txt	1
63	0	Pony/4_control-structures_15.txt	1
63	0	Pony/4_control-structures_2.txt	1
63	0	Pony/4_control-structures_11.txt	1
63	0	Pony/4_control-structures_13.txt	1
63	0	Pony/4_control-structures_14.txt	1
63	0	Pony/4_control-structures_16.txt	1
63	0	Pony/2_ops_1.txt	1
63	0	Pony/4_control-structures_3.txt	1
63	0	Pony/4_control-structures_19.txt	1
63	0	Pony/4_control-structures_1.txt	1
64	0	Pony/2_primitives_3.txt	1
64	0	Pony/5_methods_1.txt	1
64	0	Pony/2_ops_11.txt	1
64	0	Pony/2_ops_2.txt	1
64	0	Pony/4_control-structures_12.txt	1
64	0	Pony/2_ops_10.txt	1
64	0	Pony/1_variables_2.txt	1
64	0	Pony/4_control-structures_17.txt	1
64	0	Pony/1_variables_1.txt	1
64	0	Pony/4_control-structures_18.txt	1
64	0	Pony/2_ops_9.txt	1
64	0	Pony/6_errors_2.txt	1
64	0	Pony/6_errors_1.txt	1
64	0	Pony/6_errors_3.txt	1
64	0	Pony/4_control-structures_15.txt	1
64	0	Pony/4_control-structures_2.txt	1
64	0	Pony/4_control-structures_11.txt	1
64	0	Pony/4_control-structures_13.txt	1
64	0	Pony/4_control-structures_14.txt	1
64	0	Pony/4_control-structures_16.txt	1
64	0	Pony/2_ops_1.txt	1
64	0	Pony/4_control-structures_3.txt	1
64	0	Pony/4_control-structures_19.txt	1
64	0	Pony/4_control-structures_1.txt	1
65	0	Pony/collections-HashMap-_0.txt	1
65	0	Pony/2_primitives_3.txt	1
65	0	Pony/5_methods_1.txt	1
65	0	Pony/2_ops_2.txt	1
65	0	Pony/4_control-structures_12.txt	1
65	0	Pony/1_variables_2.txt	1
65	0	Pony/collections-Range-_0.txt	1
65	0	Pony/4_control-structures_17.txt	1
65	0	Pony/1_variables_1.txt	1
65	0	Pony/4_control-structures_18.txt	1
65	0	Pony/6_errors_2.txt	1
65	0	Pony/6_errors_1.txt	1
65	0	Pony/6_errors_3.txt	1
65	0	Pony/4_control-structures_15.txt	1
65	0	Pony/4_control-structures_2.txt	1
65	0	Pony/4_control-structures_11.txt	1
65	0	Pony/4_control-structures_13.txt	1
65	0	Pony/4_control-structures_14.txt	1
65	0	Pony/4_control-structures_16.txt	1
65	0	Pony/2_ops_1.txt	1
65	0	Pony/4_control-structures_3.txt	1
65	0	Pony/4_control-structures_19.txt	1
65	0	Pony/4_control-structures_1.txt	1
66	0	Pony/collections-HashMap-_0.txt	1
66	0	Pony/2_primitives_3.txt	1
66	0	Pony/5_methods_1.txt	1
66	0	Pony/2_ops_11.txt	1
66	0	Pony/2_ops_2.txt	1
66	0	Pony/4_control-structures_12.txt	1
66	0	Pony/2_ops_10.txt	1
66	0	Pony/1_variables_2.txt	1
66	0	Pony/collections-Range-_0.txt	1
66	0	Pony/4_control-structures_17.txt	1
66	0	Pony/7_type-expressions_2.txt	1
66	0	Pony/1_variables_1.txt	1
66	0	Pony/4_control-structures_18.txt	1
66	0	Pony/2_ops_9.txt	1
66	0	Pony/4_control-structures_15.txt	1
66	0	Pony/4_control-structures_2.txt	1
66	0	Pony/4_control-structures_11.txt	1
66	0	Pony/4_control-structures_13.txt	1
66	0	Pony/7_type-expressions_1.txt	1
66	0	Pony/4_control-structures_14.txt	1
66	0	Pony/4_control-structures_16.txt	1
66	0	Pony/2_ops_1.txt	1
66	0	Pony/4_control-structures_3.txt	1
66	0	Pony/4_control-structures_19.txt	1
66	0	Pony/4_control-structures_1.txt	1
67	0	Pony/2_ops_1.txt	1
67	0	Pony/4_control-structures_13.txt	1
67	0	Pony/2_primitives_3.txt	1
67	0	Pony/4_control-structures_18.txt	1
67	0	Pony/4_control-structures_17.txt	1
67	0	Pony/4_control-structures_11.txt	1
67	0	Pony/4_control-structures_14.txt	1
67	0	Pony/4_control-structures_15.txt	1
67	0	Pony/1_variables_1.txt	1
67	0	Pony/4_control-structures_16.txt	1
67	0	Pony/5_methods_1.txt	1
67	0	Pony/4_control-structures_2.txt	1
67	0	Pony/2_ops_2.txt	1
67	0	Pony/4_control-structures_3.txt	1
67	0	Pony/4_control-structures_12.txt	1
67	0	Pony/4_control-structures_19.txt	1
67	0	Pony/4_control-structures_1.txt	1
67	0	Pony/1_variables_2.txt	1
68	0	Pony/2_ops_9.txt	1
68	0	Pony/2_primitives_3.txt	1
68	0	Pony/5_methods_1.txt	1
68	0	Pony/2_ops_11.txt	1
68	0	Pony/2_ops_1.txt	1
68	0	Pony/2_ops_2.txt	1
68	0	Pony/2_ops_10.txt	1
69	0	Pony/4_control-structures_19.txt	1
69	0	Pony/6_errors_2.txt	1
69	0	Pony/6_errors_1.txt	1
69	0	Pony/4_control-structures_13.txt	1
69	0	Pony/6_errors_3.txt	1
69	0	Pony/4_control-structures_17.txt	1
69	0	Pony/4_control-structures_11.txt	1
69	0	Pony/4_control-structures_14.txt	1
69	0	Pony/2_primitives_3.txt	1
69	0	Pony/4_control-structures_15.txt	1
69	0	Pony/4_control-structures_16.txt	1
69	0	Pony/2_ops_1.txt	1
69	0	Pony/2_ops_2.txt	1
69	0	Pony/4_control-structures_12.txt	1
69	0	Pony/builtin-Array-_39.txt	1
69	0	Pony/4_control-structures_18.txt	1
70	0	Pony/2_ops_9.txt	1
70	0	Pony/2_ops_1.txt	1
70	0	Pony/2_primitives_3.txt	1
70	0	Pony/6_errors_2.txt	1
70	0	Pony/6_errors_1.txt	1
70	0	Pony/4_control-structures_1.txt	1
70	0	Pony/6_errors_3.txt	1
70	0	Pony/1_variables_1.txt	1
70	0	Pony/5_methods_1.txt	1
70	0	Pony/2_ops_11.txt	1
70	0	Pony/4_control-structures_2.txt	1
70	0	Pony/2_ops_2.txt	1
70	0	Pony/4_control-structures_3.txt	1
70	0	Pony/2_ops_10.txt	1
70	0	Pony/1_variables_2.txt	1
71	0	Pony/2_primitives_3.txt	1
71	0	Pony/5_methods_1.txt	1
71	0	Pony/builtin-Array-_39.txt	1
71	0	Pony/2_ops_2.txt	1
71	0	Pony/4_control-structures_12.txt	1
71	0	Pony/1_variables_2.txt	1
71	0	Pony/4_control-structures_17.txt	1
71	0	Pony/1_variables_1.txt	1
71	0	Pony/4_control-structures_18.txt	1
71	0	Pony/6_errors_2.txt	1
71	0	Pony/6_errors_1.txt	1
71	0	Pony/6_errors_3.txt	1
71	0	Pony/4_control-structures_15.txt	1
71	0	Pony/collections-Sort-_1.txt	1
71	0	Pony/4_control-structures_11.txt	1
71	0	Pony/4_control-structures_2.txt	1
71	0	Pony/4_control-structures_13.txt	1
71	0	Pony/4_control-structures_14.txt	1
71	0	Pony/4_control-structures_16.txt	1
71	0	Pony/2_ops_1.txt	1
71	0	Pony/4_control-structures_3.txt	1
71	0	Pony/4_control-structures_19.txt	1
71	0	Pony/4_control-structures_1.txt	1
72	0	Pony/2_primitives_3.txt	1
72	0	Pony/builtin-String-_36.txt	1
72	0	Pony/5_methods_1.txt	1
72	0	Pony/2_ops_2.txt	1
72	0	Pony/4_control-structures_12.txt	1
72	0	Pony/1_variables_2.txt	1
72	0	Pony/collections-Range-_0.txt	1
72	0	Pony/4_control-structures_17.txt	1
72	0	Pony/1_variables_1.txt	1
72	0	Pony/4_control-structures_18.txt	1
72	0	Pony/6_errors_2.txt	1
72	0	Pony/6_errors_1.txt	1
72	0	Pony/6_errors_3.txt	1
72	0	Pony/4_control-structures_15.txt	1
72	0	Pony/4_control-structures_11.txt	1
72	0	Pony/4_control-structures_2.txt	1
72	0	Pony/4_control-structures_13.txt	1
72	0	Pony/3_arithmetic_5.txt	1
72	0	Pony/4_control-structures_14.txt	1
72	0	Pony/4_control-structures_16.txt	1
72	0	Pony/2_ops_1.txt	1
72	0	Pony/4_control-structures_3.txt	1
72	0	Pony/4_control-structures_19.txt	1
72	0	Pony/4_control-structures_1.txt	1
73	0	Pony/2_primitives_3.txt	1
73	0	Pony/5_methods_1.txt	1
73	0	Pony/2_ops_2.txt	1
73	0	Pony/4_control-structures_12.txt	1
73	0	Pony/1_variables_2.txt	1
73	0	Pony/collections-Range-_0.txt	1
73	0	Pony/4_control-structures_17.txt	1
73	0	Pony/1_variables_1.txt	1
73	0	Pony/4_control-structures_18.txt	1
73	0	Pony/6_errors_2.txt	1
73	0	Pony/6_errors_1.txt	1
73	0	Pony/6_errors_3.txt	1
73	0	Pony/4_control-structures_15.txt	1
73	0	Pony/collections-Sort-_1.txt	1
73	0	Pony/4_control-structures_11.txt	1
73	0	Pony/4_control-structures_2.txt	1
73	0	Pony/4_control-structures_13.txt	1
73	0	Pony/4_control-structures_14.txt	1
73	0	Pony/4_control-structures_16.txt	1
73	0	Pony/2_ops_1.txt	1
73	0	Pony/4_control-structures_3.txt	1
73	0	Pony/4_control-structures_19.txt	1
73	0	Pony/4_control-structures_1.txt	1
74	0	Pony/2_primitives_3.txt	1
74	0	Pony/builtin-String-_36.txt	1
74	0	Pony/5_methods_1.txt	1
74	0	Pony/2_ops_11.txt	1
74	0	Pony/2_ops_2.txt	1
74	0	Pony/4_control-structures_12.txt	1
74	0	Pony/2_ops_10.txt	1
74	0	Pony/1_variables_2.txt	1
74	0	Pony/4_control-structures_17.txt	1
74	0	Pony/1_variables_1.txt	1
74	0	Pony/4_control-structures_18.txt	1
74	0	Pony/2_ops_9.txt	1
74	0	Pony/4_control-structures_15.txt	1
74	0	Pony/4_control-structures_2.txt	1
74	0	Pony/4_control-structures_11.txt	1
74	0	Pony/4_control-structures_13.txt	1
74	0	Pony/3_arithmetic_5.txt	1
74	0	Pony/4_control-structures_14.txt	1
74	0	Pony/4_control-structures_16.txt	1
74	0	Pony/2_ops_1.txt	1
74	0	Pony/4_control-structures_3.txt	1
74	0	Pony/4_control-structures_19.txt	1
74	0	Pony/4_control-structures_1.txt	1
75	0	Pony/2_primitives_3.txt	1
75	0	Pony/5_methods_1.txt	1
75	0	Pony/2_ops_11.txt	1
75	0	Pony/2_ops_2.txt	1
75	0	Pony/4_control-structures_12.txt	1
75	0	Pony/2_ops_10.txt	1
75	0	Pony/1_variables_2.txt	1
75	0	Pony/4_control-structures_17.txt	1
75	0	Pony/1_variables_1.txt	1
75	0	Pony/4_control-structures_18.txt	1
75	0	Pony/2_ops_9.txt	1
75	0	Pony/6_errors_2.txt	1
75	0	Pony/6_errors_1.txt	1
75	0	Pony/6_errors_3.txt	1
75	0	Pony/4_control-structures_15.txt	1
75	0	Pony/4_control-structures_2.txt	1
75	0	Pony/4_control-structures_11.txt	1
75	0	Pony/4_control-structures_13.txt	1
75	0	Pony/3_arithmetic_5.txt	1
75	0	Pony/4_control-structures_14.txt	1
75	0	Pony/4_control-structures_16.txt	1
75	0	Pony/2_ops_1.txt	1
75	0	Pony/4_control-structures_3.txt	1
75	0	Pony/4_control-structures_19.txt	1
75	0	Pony/4_control-structures_1.txt	1
76	0	Pony/2_primitives_3.txt	1
76	0	Pony/5_methods_1.txt	1
76	0	Pony/2_ops_11.txt	1
76	0	Pony/2_ops_2.txt	1
76	0	Pony/4_control-structures_12.txt	1
76	0	Pony/2_ops_10.txt	1
76	0	Pony/1_variables_2.txt	1
76	0	Pony/collections-Range-_0.txt	1
76	0	Pony/4_control-structures_17.txt	1
76	0	Pony/1_variables_1.txt	1
76	0	Pony/4_control-structures_18.txt	1
76	0	Pony/2_ops_9.txt	1
76	0	Pony/6_errors_2.txt	1
76	0	Pony/6_errors_1.txt	1
76	0	Pony/6_errors_3.txt	1
76	0	Pony/4_control-structures_15.txt	1
76	0	Pony/4_control-structures_11.txt	1
76	0	Pony/4_control-structures_2.txt	1
76	0	Pony/4_control-structures_13.txt	1
76	0	Pony/3_arithmetic_5.txt	1
76	0	Pony/4_control-structures_14.txt	1
76	0	Pony/4_control-structures_16.txt	1
76	0	Pony/2_ops_1.txt	1
76	0	Pony/4_control-structures_3.txt	1
76	0	Pony/4_control-structures_19.txt	1
76	0	Pony/4_control-structures_1.txt	1
77	0	Pony/1_variables_1.txt	1
77	0	Pony/5_methods_1.txt	1
77	0	Pony/1_variables_2.txt	1
78	0	Pony/2_primitives_3.txt	1
78	0	Pony/5_methods_1.txt	1
78	0	Pony/2_ops_11.txt	1
78	0	Pony/2_ops_2.txt	1
78	0	Pony/4_control-structures_12.txt	1
78	0	Pony/2_ops_10.txt	1
78	0	Pony/1_variables_2.txt	1
78	0	Pony/4_control-structures_17.txt	1
78	0	Pony/1_variables_1.txt	1
78	0	Pony/4_control-structures_18.txt	1
78	0	Pony/2_ops_9.txt	1
78	0	Pony/6_errors_2.txt	1
78	0	Pony/6_errors_1.txt	1
78	0	Pony/6_errors_3.txt	1
78	0	Pony/4_control-structures_15.txt	1
78	0	Pony/4_control-structures_11.txt	1
78	0	Pony/4_control-structures_2.txt	1
78	0	Pony/4_control-structures_13.txt	1
78	0	Pony/4_control-structures_14.txt	1
78	0	Pony/4_control-structures_16.txt	1
78	0	Pony/2_ops_1.txt	1
78	0	Pony/4_control-structures_3.txt	1
78	0	Pony/4_control-structures_19.txt	1
78	0	Pony/4_control-structures_1.txt	1
79	0	Pony/2_primitives_3.txt	1
79	0	Pony/5_methods_1.txt	1
79	0	Pony/2_ops_2.txt	1
79	0	Pony/4_control-structures_12.txt	1
79	0	Pony/1_variables_2.txt	1
79	0	Pony/4_control-structures_17.txt	1
79	0	Pony/1_variables_1.txt	1
79	0	Pony/4_control-structures_18.txt	1
79	0	Pony/6_errors_2.txt	1
79	0	Pony/6_errors_1.txt	1
79	0	Pony/6_errors_3.txt	1
79	0	Pony/4_control-structures_15.txt	1
79	0	Pony/4_control-structures_11.txt	1
79	0	Pony/4_control-structures_2.txt	1
79	0	Pony/4_control-structures_13.txt	1
79	0	Pony/3_arithmetic_5.txt	1
79	0	Pony/4_control-structures_14.txt	1
79	0	Pony/4_control-structures_16.txt	1
79	0	Pony/2_ops_1.txt	1
79	0	Pony/4_control-structures_3.txt	1
79	0	Pony/4_control-structures_19.txt	1
79	0	Pony/4_control-structures_1.txt	1
80	0	Pony/2_primitives_3.txt	1
80	0	Pony/5_methods_1.txt	1
80	0	Pony/2_ops_11.txt	1
80	0	Pony/2_ops_2.txt	1
80	0	Pony/4_control-structures_12.txt	1
80	0	Pony/2_ops_10.txt	1
80	0	Pony/1_variables_2.txt	1
80	0	Pony/1_variables_4.txt	1
80	0	Pony/4_control-structures_17.txt	1
80	0	Pony/1_variables_1.txt	1
80	0	Pony/4_control-structures_18.txt	1
80	0	Pony/2_ops_9.txt	1
80	0	Pony/6_errors_2.txt	1
80	0	Pony/6_errors_1.txt	1
80	0	Pony/6_errors_3.txt	1
80	0	Pony/4_control-structures_15.txt	1
80	0	Pony/4_control-structures_11.txt	1
80	0	Pony/4_control-structures_2.txt	1
80	0	Pony/builtin-Array-_45.txt	1
80	0	Pony/4_control-structures_13.txt	1
80	0	Pony/3_arithmetic_5.txt	1
80	0	Pony/4_control-structures_14.txt	1
80	0	Pony/4_control-structures_16.txt	1
80	0	Pony/2_ops_1.txt	1
80	0	Pony/4_control-structures_3.txt	1
80	0	Pony/4_control-structures_19.txt	1
80	0	Pony/4_control-structures_1.txt	1
81	0	Pony/collections-HashMap-_0.txt	1
81	0	Pony/2_primitives_3.txt	1
81	0	Pony/5_methods_1.txt	1
81	0	Pony/2_ops_2.txt	1
81	0	Pony/4_control-structures_12.txt	1
81	0	Pony/1_variables_2.txt	1
81	0	Pony/4_control-structures_17.txt	1
81	0	Pony/7_type-expressions_2.txt	1
81	0	Pony/1_variables_1.txt	1
81	0	Pony/4_control-structures_18.txt	1
81	0	Pony/4_control-structures_15.txt	1
81	0	Pony/4_control-structures_11.txt	1
81	0	Pony/4_control-structures_2.txt	1
81	0	Pony/4_control-structures_13.txt	1
81	0	Pony/7_type-expressions_1.txt	1
81	0	Pony/4_control-structures_14.txt	1
81	0	Pony/4_control-structures_16.txt	1
81	0	Pony/2_ops_1.txt	1
81	0	Pony/4_control-structures_3.txt	1
81	0	Pony/4_control-structures_19.txt	1
81	0	Pony/4_control-structures_1.txt	1
82	0	Pony/2_ops_1.txt	1
82	0	Pony/2_primitives_3.txt	1
82	0	Pony/4_control-structures_13.txt	1
82	0	Pony/4_control-structures_1.txt	1
82	0	Pony/4_control-structures_17.txt	1
82	0	Pony/4_control-structures_14.txt	1
82	0	Pony/4_control-structures_15.txt	1
82	0	Pony/1_variables_1.txt	1
82	0	Pony/4_control-structures_16.txt	1
82	0	Pony/5_methods_1.txt	1
82	0	Pony/4_control-structures_2.txt	1
82	0	Pony/4_control-structures_11.txt	1
82	0	Pony/2_ops_2.txt	1
82	0	Pony/4_control-structures_3.txt	1
82	0	Pony/4_control-structures_12.txt	1
82	0	Pony/4_control-structures_19.txt	1
82	0	Pony/4_control-structures_18.txt	1
82	0	Pony/1_variables_2.txt	1
83	0	Pony/4_control-structures_13.txt	1
83	0	Pony/2_primitives_3.txt	1
83	0	Pony/3_arithmetic_5.txt	1
83	0	Pony/4_control-structures_17.txt	1
83	0	Pony/4_control-structures_11.txt	1
83	0	Pony/4_control-structures_14.txt	1
83	0	Pony/4_control-structures_15.txt	1
83	0	Pony/4_control-structures_16.txt	1
83	0	Pony/5_methods_1.txt	1
83	0	Pony/2_ops_1.txt	1
83	0	Pony/2_ops_2.txt	1
83	0	Pony/1_variables_1.txt	1
83	0	Pony/4_control-structures_12.txt	1
83	0	Pony/4_control-structures_19.txt	1
83	0	Pony/4_control-structures_18.txt	1
83	0	Pony/1_variables_2.txt	1
84	0	Pony/collections-HashMap-_0.txt	1
84	0	Pony/2_primitives_3.txt	1
84	0	Pony/5_methods_1.txt	1
84	0	Pony/2_ops_11.txt	1
84	0	Pony/2_ops_2.txt	1
84	0	Pony/2_ops_10.txt	1
84	0	Pony/1_variables_2.txt	1
84	0	Pony/4_control-structures_17.txt	1
84	0	Pony/7_type-expressions_2.txt	1
84	0	Pony/1_variables_1.txt	1
84	0	Pony/4_control-structures_18.txt	1
84	0	Pony/2_ops_9.txt	1
84	0	Pony/2_ops_1.txt	1
84	0	Pony/4_control-structures_15.txt	1
84	0	Pony/4_control-structures_2.txt	1
84	0	Pony/4_control-structures_11.txt	1
84	0	Pony/4_control-structures_13.txt	1
84	0	Pony/7_type-expressions_1.txt	1
84	0	Pony/3_arithmetic_5.txt	1
84	0	Pony/4_control-structures_14.txt	1
84	0	Pony/4_control-structures_16.txt	1
84	0	Pony/4_control-structures_12.txt	1
84	0	Pony/4_control-structures_3.txt	1
84	0	Pony/4_control-structures_19.txt	1
84	0	Pony/4_control-structures_1.txt	1
85	0	Pony/2_ops_1.txt	1
85	0	Pony/2_primitives_3.txt	1
85	0	Pony/4_control-structures_13.txt	1
85	0	Pony/4_control-structures_18.txt	1
85	0	Pony/4_control-structures_17.txt	1
85	0	Pony/4_control-structures_11.txt	1
85	0	Pony/4_control-structures_14.txt	1
85	0	Pony/4_control-structures_3.txt	1
85	0	Pony/4_control-structures_15.txt	1
85	0	Pony/4_control-structures_16.txt	1
85	0	Pony/5_methods_1.txt	1
85	0	Pony/4_control-structures_2.txt	1
85	0	Pony/2_ops_2.txt	1
85	0	Pony/1_variables_1.txt	1
85	0	Pony/4_control-structures_12.txt	1
85	0	Pony/4_control-structures_19.txt	1
85	0	Pony/4_control-structures_1.txt	1
85	0	Pony/1_variables_2.txt	1
86	0	Pony/2_primitives_3.txt	1
86	0	Pony/5_methods_1.txt	1
86	0	Pony/2_ops_2.txt	1
86	0	Pony/4_control-structures_12.txt	1
86	0	Pony/1_variables_2.txt	1
86	0	Pony/collections-Range-_0.txt	1
86	0	Pony/4_control-structures_17.txt	1
86	0	Pony/1_variables_1.txt	1
86	0	Pony/4_control-structures_18.txt	1
86	0	Pony/6_errors_2.txt	1
86	0	Pony/6_errors_1.txt	1
86	0	Pony/6_errors_3.txt	1
86	0	Pony/4_control-structures_15.txt	1
86	0	Pony/4_control-structures_11.txt	1
86	0	Pony/4_control-structures_2.txt	1
86	0	Pony/4_control-structures_13.txt	1
86	0	Pony/4_control-structures_14.txt	1
86	0	Pony/4_control-structures_16.txt	1
86	0	Pony/2_ops_1.txt	1
86	0	Pony/4_control-structures_3.txt	1
86	0	Pony/4_control-structures_19.txt	1
86	0	Pony/4_control-structures_1.txt	1
87	0	Pony/2_primitives_3.txt	1
87	0	Pony/builtin-String-_36.txt	1
87	0	Pony/5_methods_1.txt	1
87	0	Pony/2_ops_2.txt	1
87	0	Pony/4_control-structures_12.txt	1
87	0	Pony/src-builtin-string-_143.txt	1
87	0	Pony/1_variables_2.txt	1
87	0	Pony/collections-Range-_0.txt	1
87	0	Pony/4_control-structures_17.txt	1
87	0	Pony/1_variables_1.txt	1
87	0	Pony/4_control-structures_18.txt	1
87	0	Pony/6_errors_2.txt	1
87	0	Pony/6_errors_1.txt	1
87	0	Pony/6_errors_3.txt	1
87	0	Pony/builtin-String-_53.txt	1
87	0	Pony/4_control-structures_15.txt	1
87	0	Pony/4_control-structures_11.txt	1
87	0	Pony/4_control-structures_2.txt	1
87	0	Pony/4_control-structures_13.txt	1
87	0	Pony/3_arithmetic_5.txt	1
87	0	Pony/4_control-structures_14.txt	1
87	0	Pony/4_control-structures_16.txt	1
87	0	Pony/2_ops_1.txt	1
87	0	Pony/4_control-structures_3.txt	1
87	0	Pony/4_control-structures_19.txt	1
87	0	Pony/4_control-structures_1.txt	1
88	0	Pony/2_primitives_3.txt	1
88	0	Pony/5_methods_1.txt	1
88	0	Pony/2_ops_11.txt	1
88	0	Pony/2_ops_2.txt	1
88	0	Pony/4_control-structures_12.txt	1
88	0	Pony/2_ops_10.txt	1
88	0	Pony/1_variables_2.txt	1
88	0	Pony/collections-Range-_0.txt	1
88	0	Pony/4_control-structures_17.txt	1
88	0	Pony/1_variables_1.txt	1
88	0	Pony/4_control-structures_18.txt	1
88	0	Pony/2_ops_9.txt	1
88	0	Pony/6_errors_2.txt	1
88	0	Pony/6_errors_1.txt	1
88	0	Pony/6_errors_3.txt	1
88	0	Pony/4_control-structures_15.txt	1
88	0	Pony/4_control-structures_11.txt	1
88	0	Pony/4_control-structures_2.txt	1
88	0	Pony/4_control-structures_13.txt	1
88	0	Pony/3_arithmetic_5.txt	1
88	0	Pony/4_control-structures_14.txt	1
88	0	Pony/4_control-structures_16.txt	1
88	0	Pony/2_ops_1.txt	1
88	0	Pony/4_control-structures_3.txt	1
88	0	Pony/4_control-structures_19.txt	1
88	0	Pony/4_control-structures_1.txt	1
89	0	Pony/2_primitives_3.txt	1
89	0	Pony/5_methods_1.txt	1
89	0	Pony/2_ops_11.txt	1
89	0	Pony/2_ops_2.txt	1
89	0	Pony/4_control-structures_12.txt	1
89	0	Pony/2_ops_10.txt	1
89	0	Pony/1_variables_2.txt	1
89	0	Pony/collections-Range-_0.txt	1
89	0	Pony/4_control-structures_17.txt	1
89	0	Pony/1_variables_1.txt	1
89	0	Pony/4_control-structures_18.txt	1
89	0	Pony/2_ops_9.txt	1
89	0	Pony/6_errors_2.txt	1
89	0	Pony/6_errors_1.txt	1
89	0	Pony/6_errors_3.txt	1
89	0	Pony/4_control-structures_15.txt	1
89	0	Pony/4_control-structures_11.txt	1
89	0	Pony/4_control-structures_2.txt	1
89	0	Pony/4_control-structures_13.txt	1
89	0	Pony/3_arithmetic_5.txt	1
89	0	Pony/4_control-structures_14.txt	1
89	0	Pony/4_control-structures_16.txt	1
89	0	Pony/2_ops_1.txt	1
89	0	Pony/4_control-structures_3.txt	1
89	0	Pony/4_control-structures_19.txt	1
89	0	Pony/4_control-structures_1.txt	1
90	0	Pony/collections-HashMap-_0.txt	1
90	0	Pony/2_primitives_3.txt	1
90	0	Pony/5_methods_1.txt	1
90	0	Pony/2_ops_2.txt	1
90	0	Pony/4_control-structures_12.txt	1
90	0	Pony/1_variables_2.txt	1
90	0	Pony/4_control-structures_17.txt	1
90	0	Pony/7_type-expressions_2.txt	1
90	0	Pony/1_variables_1.txt	1
90	0	Pony/4_control-structures_18.txt	1
90	0	Pony/4_control-structures_15.txt	1
90	0	Pony/4_control-structures_11.txt	1
90	0	Pony/4_control-structures_2.txt	1
90	0	Pony/4_control-structures_13.txt	1
90	0	Pony/7_type-expressions_1.txt	1
90	0	Pony/4_control-structures_14.txt	1
90	0	Pony/4_control-structures_16.txt	1
90	0	Pony/2_ops_1.txt	1
90	0	Pony/4_control-structures_3.txt	1
90	0	Pony/4_control-structures_19.txt	1
90	0	Pony/4_control-structures_1.txt	1
91	0	Pony/2_primitives_3.txt	1
91	0	Pony/5_methods_1.txt	1
91	0	Pony/2_ops_2.txt	1
91	0	Pony/4_control-structures_12.txt	1
91	0	Pony/1_variables_2.txt	1
91	0	Pony/collections-Range-_0.txt	1
91	0	Pony/4_control-structures_17.txt	1
91	0	Pony/1_variables_1.txt	1
91	0	Pony/4_control-structures_18.txt	1
91	0	Pony/4_control-structures_15.txt	1
91	0	Pony/4_control-structures_11.txt	1
91	0	Pony/4_control-structures_2.txt	1
91	0	Pony/4_control-structures_13.txt	1
91	0	Pony/4_control-structures_14.txt	1
91	0	Pony/4_control-structures_16.txt	1
91	0	Pony/2_ops_1.txt	1
91	0	Pony/4_control-structures_3.txt	1
91	0	Pony/4_control-structures_19.txt	1
91	0	Pony/4_control-structures_1.txt	1
92	0	Pony/2_primitives_3.txt	1
92	0	Pony/5_methods_1.txt	1
92	0	Pony/2_ops_11.txt	1
92	0	Pony/2_ops_2.txt	1
92	0	Pony/4_control-structures_12.txt	1
92	0	Pony/2_ops_10.txt	1
92	0	Pony/1_variables_2.txt	1
92	0	Pony/collections-Range-_0.txt	1
92	0	Pony/4_control-structures_17.txt	1
92	0	Pony/1_variables_1.txt	1
92	0	Pony/4_control-structures_18.txt	1
92	0	Pony/2_ops_9.txt	1
92	0	Pony/6_errors_2.txt	1
92	0	Pony/6_errors_1.txt	1
92	0	Pony/6_errors_3.txt	1
92	0	Pony/4_control-structures_15.txt	1
92	0	Pony/4_control-structures_11.txt	1
92	0	Pony/4_control-structures_2.txt	1
92	0	Pony/4_control-structures_13.txt	1
92	0	Pony/4_control-structures_14.txt	1
92	0	Pony/4_control-structures_16.txt	1
92	0	Pony/2_ops_1.txt	1
92	0	Pony/4_control-structures_3.txt	1
92	0	Pony/4_control-structures_19.txt	1
92	0	Pony/4_control-structures_1.txt	1
93	0	Pony/2_ops_1.txt	1
93	0	Pony/4_control-structures_13.txt	1
93	0	Pony/2_primitives_3.txt	1
93	0	Pony/4_control-structures_18.txt	1
93	0	Pony/4_control-structures_17.txt	1
93	0	Pony/4_control-structures_11.txt	1
93	0	Pony/4_control-structures_14.txt	1
93	0	Pony/4_control-structures_3.txt	1
93	0	Pony/4_control-structures_15.txt	1
93	0	Pony/4_control-structures_16.txt	1
93	0	Pony/5_methods_1.txt	1
93	0	Pony/4_control-structures_2.txt	1
93	0	Pony/4_control-structures_12.txt	1
93	0	Pony/2_ops_2.txt	1
93	0	Pony/1_variables_1.txt	1
93	0	Pony/4_control-structures_19.txt	1
93	0	Pony/4_control-structures_1.txt	1
93	0	Pony/1_variables_2.txt	1
94	0	Pony/collections-HashMap-_0.txt	1
94	0	Pony/2_primitives_3.txt	1
94	0	Pony/5_methods_1.txt	1
94	0	Pony/2_ops_11.txt	1
94	0	Pony/2_ops_2.txt	1
94	0	Pony/2_ops_10.txt	1
94	0	Pony/1_variables_2.txt	1
94	0	Pony/collections-Range-_0.txt	1
94	0	Pony/4_control-structures_17.txt	1
94	0	Pony/7_type-expressions_2.txt	1
94	0	Pony/1_variables_1.txt	1
94	0	Pony/4_control-structures_18.txt	1
94	0	Pony/2_ops_1.txt	1
94	0	Pony/2_ops_9.txt	1
94	0	Pony/4_control-structures_15.txt	1
94	0	Pony/4_control-structures_11.txt	1
94	0	Pony/4_control-structures_2.txt	1
94	0	Pony/4_control-structures_13.txt	1
94	0	Pony/7_type-expressions_1.txt	1
94	0	Pony/3_arithmetic_5.txt	1
94	0	Pony/4_control-structures_14.txt	1
94	0	Pony/4_control-structures_16.txt	1
94	0	Pony/4_control-structures_12.txt	1
94	0	Pony/4_control-structures_3.txt	1
94	0	Pony/4_control-structures_19.txt	1
94	0	Pony/4_control-structures_1.txt	1
95	0	Pony/2_primitives_3.txt	1
95	0	Pony/builtin-String-_36.txt	1
95	0	Pony/5_methods_1.txt	1
95	0	Pony/2_ops_2.txt	1
95	0	Pony/4_control-structures_12.txt	1
95	0	Pony/1_variables_2.txt	1
95	0	Pony/collections-Range-_0.txt	1
95	0	Pony/4_control-structures_17.txt	1
95	0	Pony/1_variables_1.txt	1
95	0	Pony/4_control-structures_18.txt	1
95	0	Pony/4_control-structures_15.txt	1
95	0	Pony/4_control-structures_2.txt	1
95	0	Pony/4_control-structures_11.txt	1
95	0	Pony/4_control-structures_13.txt	1
95	0	Pony/3_arithmetic_5.txt	1
95	0	Pony/4_control-structures_14.txt	1
95	0	Pony/4_control-structures_16.txt	1
95	0	Pony/2_ops_1.txt	1
95	0	Pony/4_control-structures_3.txt	1
95	0	Pony/4_control-structures_19.txt	1
95	0	Pony/4_control-structures_1.txt	1
96	0	Pony/2_ops_1.txt	1
96	0	Pony/4_control-structures_13.txt	1
96	0	Pony/4_control-structures_1.txt	1
96	0	Pony/2_primitives_3.txt	1
96	0	Pony/4_control-structures_17.txt	1
96	0	Pony/4_control-structures_11.txt	1
96	0	Pony/4_control-structures_14.txt	1
96	0	Pony/4_control-structures_15.txt	1
96	0	Pony/1_variables_1.txt	1
96	0	Pony/4_control-structures_16.txt	1
96	0	Pony/5_methods_1.txt	1
96	0	Pony/4_control-structures_2.txt	1
96	0	Pony/2_ops_2.txt	1
96	0	Pony/4_control-structures_3.txt	1
96	0	Pony/4_control-structures_12.txt	1
96	0	Pony/4_control-structures_19.txt	1
96	0	Pony/4_control-structures_18.txt	1
96	0	Pony/1_variables_2.txt	1
97	0	Pony/2_ops_1.txt	1
97	0	Pony/4_control-structures_13.txt	1
97	0	Pony/2_primitives_3.txt	1
97	0	Pony/4_control-structures_17.txt	1
97	0	Pony/4_control-structures_11.txt	1
97	0	Pony/4_control-structures_14.txt	1
97	0	Pony/4_control-structures_15.txt	1
97	0	Pony/4_control-structures_16.txt	1
97	0	Pony/4_control-structures_12.txt	1
97	0	Pony/2_ops_2.txt	1
97	0	Pony/1_variables_1.txt	1
97	0	Pony/4_control-structures_19.txt	1
97	0	Pony/4_control-structures_18.txt	1
97	0	Pony/1_variables_2.txt	1
98	0	Pony/2_primitives_3.txt	1
98	0	Pony/5_methods_1.txt	1
98	0	Pony/2_ops_11.txt	1
98	0	Pony/2_ops_2.txt	1
98	0	Pony/4_control-structures_12.txt	1
98	0	Pony/2_ops_10.txt	1
98	0	Pony/1_variables_2.txt	1
98	0	Pony/collections-Range-_0.txt	1
98	0	Pony/4_control-structures_17.txt	1
98	0	Pony/1_variables_1.txt	1
98	0	Pony/4_control-structures_18.txt	1
98	0	Pony/2_ops_9.txt	1
98	0	Pony/4_control-structures_15.txt	1
98	0	Pony/4_control-structures_11.txt	1
98	0	Pony/4_control-structures_2.txt	1
98	0	Pony/4_control-structures_13.txt	1
98	0	Pony/3_arithmetic_5.txt	1
98	0	Pony/4_control-structures_14.txt	1
98	0	Pony/4_control-structures_16.txt	1
98	0	Pony/2_ops_1.txt	1
98	0	Pony/4_control-structures_3.txt	1
98	0	Pony/4_control-structures_19.txt	1
98	0	Pony/4_control-structures_1.txt	1
99	0	Pony/2_ops_9.txt	1
99	0	Pony/2_primitives_3.txt	1
99	0	Pony/4_control-structures_13.txt	1
99	0	Pony/3_arithmetic_5.txt	1
99	0	Pony/4_control-structures_18.txt	1
99	0	Pony/4_control-structures_17.txt	1
99	0	Pony/4_control-structures_11.txt	1
99	0	Pony/4_control-structures_14.txt	1
99	0	Pony/4_control-structures_15.txt	1
99	0	Pony/4_control-structures_16.txt	1
99	0	Pony/2_ops_11.txt	1
99	0	Pony/2_ops_1.txt	1
99	0	Pony/2_ops_2.txt	1
99	0	Pony/1_variables_1.txt	1
99	0	Pony/4_control-structures_12.txt	1
99	0	Pony/4_control-structures_19.txt	1
99	0	Pony/2_ops_10.txt	1
99	0	Pony/1_variables_2.txt	1
100	0	Pony/2_primitives_3.txt	1
100	0	Pony/5_methods_1.txt	1
100	0	Pony/2_ops_2.txt	1
100	0	Pony/4_control-structures_12.txt	1
100	0	Pony/1_variables_2.txt	1
100	0	Pony/collections-Range-_0.txt	1
100	0	Pony/4_control-structures_17.txt	1
100	0	Pony/1_variables_1.txt	1
100	0	Pony/4_control-structures_18.txt	1
100	0	Pony/6_errors_2.txt	1
100	0	Pony/6_errors_1.txt	1
100	0	Pony/6_errors_3.txt	1
100	0	Pony/4_control-structures_15.txt	1
100	0	Pony/4_control-structures_2.txt	1
100	0	Pony/4_control-structures_11.txt	1
100	0	Pony/4_control-structures_13.txt	1
100	0	Pony/4_control-structures_14.txt	1
100	0	Pony/4_control-structures_16.txt	1
100	0	Pony/2_ops_1.txt	1
100	0	Pony/4_control-structures_3.txt	1
100	0	Pony/4_control-structures_19.txt	1
100	0	Pony/4_control-structures_1.txt	1
101	0	Pony/2_primitives_3.txt	1
101	0	Pony/5_methods_1.txt	1
101	0	Pony/2_ops_11.txt	1
101	0	Pony/2_ops_2.txt	1
101	0	Pony/4_control-structures_12.txt	1
101	0	Pony/2_ops_10.txt	1
101	0	Pony/1_variables_2.txt	1
101	0	Pony/collections-Range-_0.txt	1
101	0	Pony/4_control-structures_17.txt	1
101	0	Pony/1_variables_1.txt	1
101	0	Pony/4_control-structures_18.txt	1
101	0	Pony/2_ops_9.txt	1
101	0	Pony/4_control-structures_15.txt	1
101	0	Pony/4_control-structures_11.txt	1
101	0	Pony/4_control-structures_2.txt	1
101	0	Pony/4_control-structures_13.txt	1
101	0	Pony/3_arithmetic_5.txt	1
101	0	Pony/4_control-structures_14.txt	1
101	0	Pony/4_control-structures_16.txt	1
101	0	Pony/2_ops_1.txt	1
101	0	Pony/4_control-structures_3.txt	1
101	0	Pony/4_control-structures_19.txt	1
101	0	Pony/4_control-structures_1.txt	1
102	0	Pony/2_ops_9.txt	1
102	0	Pony/2_ops_1.txt	1
102	0	Pony/2_primitives_3.txt	1
102	0	Pony/4_control-structures_1.txt	1
102	0	Pony/2_ops_10.txt	1
102	0	Pony/2_ops_11.txt	1
102	0	Pony/4_control-structures_2.txt	1
102	0	Pony/2_ops_2.txt	1
102	0	Pony/1_variables_1.txt	1
102	0	Pony/4_control-structures_3.txt	1
102	0	Pony/1_variables_2.txt	1
103	0	Pony/2_primitives_3.txt	1
103	0	Pony/5_methods_1.txt	1
103	0	Pony/2_ops_11.txt	1
103	0	Pony/2_ops_2.txt	1
103	0	Pony/4_control-structures_12.txt	1
103	0	Pony/2_ops_10.txt	1
103	0	Pony/1_variables_2.txt	1
103	0	Pony/4_control-structures_17.txt	1
103	0	Pony/1_variables_1.txt	1
103	0	Pony/4_control-structures_18.txt	1
103	0	Pony/2_ops_9.txt	1
103	0	Pony/6_errors_2.txt	1
103	0	Pony/6_errors_1.txt	1
103	0	Pony/6_errors_3.txt	1
103	0	Pony/4_control-structures_15.txt	1
103	0	Pony/4_control-structures_11.txt	1
103	0	Pony/4_control-structures_2.txt	1
103	0	Pony/4_control-structures_13.txt	1
103	0	Pony/4_control-structures_14.txt	1
103	0	Pony/4_control-structures_16.txt	1
103	0	Pony/2_ops_1.txt	1
103	0	Pony/4_control-structures_3.txt	1
103	0	Pony/4_control-structures_19.txt	1
103	0	Pony/4_control-structures_1.txt	1
104	0	Pony/2_primitives_3.txt	1
104	0	Pony/builtin-String-_36.txt	1
104	0	Pony/5_methods_1.txt	1
104	0	Pony/2_ops_11.txt	1
104	0	Pony/2_ops_2.txt	1
104	0	Pony/4_control-structures_12.txt	1
104	0	Pony/2_ops_10.txt	1
104	0	Pony/1_variables_2.txt	1
104	0	Pony/collections-Range-_0.txt	1
104	0	Pony/4_control-structures_17.txt	1
104	0	Pony/1_variables_1.txt	1
104	0	Pony/4_control-structures_18.txt	1
104	0	Pony/2_ops_9.txt	1
104	0	Pony/4_control-structures_15.txt	1
104	0	Pony/4_control-structures_2.txt	1
104	0	Pony/4_control-structures_11.txt	1
104	0	Pony/4_control-structures_13.txt	1
104	0	Pony/3_arithmetic_5.txt	1
104	0	Pony/4_control-structures_14.txt	1
104	0	Pony/4_control-structures_16.txt	1
104	0	Pony/2_ops_1.txt	1
104	0	Pony/4_control-structures_3.txt	1
104	0	Pony/4_control-structures_19.txt	1
104	0	Pony/4_control-structures_1.txt	1
105	0	Pony/2_ops_1.txt	1
105	0	Pony/4_control-structures_13.txt	1
105	0	Pony/2_primitives_3.txt	1
105	0	Pony/4_control-structures_17.txt	1
105	0	Pony/4_control-structures_11.txt	1
105	0	Pony/4_control-structures_14.txt	1
105	0	Pony/4_control-structures_15.txt	1
105	0	Pony/4_control-structures_16.txt	1
105	0	Pony/5_methods_1.txt	1
105	0	Pony/4_control-structures_12.txt	1
105	0	Pony/2_ops_2.txt	1
105	0	Pony/1_variables_1.txt	1
105	0	Pony/4_control-structures_19.txt	1
105	0	Pony/4_control-structures_18.txt	1
105	0	Pony/1_variables_2.txt	1
106	0	Pony/2_primitives_3.txt	1
106	0	Pony/5_methods_1.txt	1
106	0	Pony/2_ops_2.txt	1
106	0	Pony/4_control-structures_12.txt	1
106	0	Pony/1_variables_2.txt	1
106	0	Pony/4_control-structures_17.txt	1
106	0	Pony/1_variables_1.txt	1
106	0	Pony/4_control-structures_18.txt	1
106	0	Pony/6_errors_2.txt	1
106	0	Pony/6_errors_1.txt	1
106	0	Pony/6_errors_3.txt	1
106	0	Pony/4_control-structures_15.txt	1
106	0	Pony/4_control-structures_11.txt	1
106	0	Pony/4_control-structures_2.txt	1
106	0	Pony/4_control-structures_13.txt	1
106	0	Pony/4_control-structures_14.txt	1
106	0	Pony/4_control-structures_16.txt	1
106	0	Pony/2_ops_1.txt	1
106	0	Pony/4_control-structures_3.txt	1
106	0	Pony/4_control-structures_19.txt	1
106	0	Pony/4_control-structures_1.txt	1
107	0	Pony/2_primitives_3.txt	1
107	0	Pony/builtin-String-_36.txt	1
107	0	Pony/5_methods_1.txt	1
107	0	Pony/2_ops_2.txt	1
107	0	Pony/4_control-structures_12.txt	1
107	0	Pony/1_variables_2.txt	1
107	0	Pony/collections-Range-_0.txt	1
107	0	Pony/4_control-structures_17.txt	1
107	0	Pony/1_variables_1.txt	1
107	0	Pony/4_control-structures_18.txt	1
107	0	Pony/6_errors_2.txt	1
107	0	Pony/6_errors_1.txt	1
107	0	Pony/6_errors_3.txt	1
107	0	Pony/4_control-structures_15.txt	1
107	0	Pony/4_control-structures_11.txt	1
107	0	Pony/4_control-structures_2.txt	1
107	0	Pony/4_control-structures_13.txt	1
107	0	Pony/3_arithmetic_5.txt	1
107	0	Pony/4_control-structures_14.txt	1
107	0	Pony/4_control-structures_16.txt	1
107	0	Pony/2_ops_1.txt	1
107	0	Pony/4_control-structures_3.txt	1
107	0	Pony/4_control-structures_19.txt	1
107	0	Pony/4_control-structures_1.txt	1
108	0	Pony/4_control-structures_13.txt	1
108	0	Pony/4_control-structures_1.txt	1
108	0	Pony/2_primitives_3.txt	1
108	0	Pony/4_control-structures_18.txt	1
108	0	Pony/4_control-structures_17.txt	1
108	0	Pony/4_control-structures_11.txt	1
108	0	Pony/4_control-structures_14.txt	1
108	0	Pony/4_control-structures_15.txt	1
108	0	Pony/4_control-structures_16.txt	1
108	0	Pony/5_methods_1.txt	1
108	0	Pony/4_control-structures_2.txt	1
108	0	Pony/2_ops_1.txt	1
108	0	Pony/2_ops_2.txt	1
108	0	Pony/1_variables_1.txt	1
108	0	Pony/4_control-structures_12.txt	1
108	0	Pony/4_control-structures_19.txt	1
108	0	Pony/4_control-structures_3.txt	1
108	0	Pony/1_variables_2.txt	1
109	0	Pony/collections-HashMap-_0.txt	1
109	0	Pony/2_primitives_3.txt	1
109	0	Pony/5_methods_1.txt	1
109	0	Pony/2_ops_11.txt	1
109	0	Pony/2_ops_2.txt	1
109	0	Pony/2_ops_10.txt	1
109	0	Pony/1_variables_2.txt	1
109	0	Pony/collections-Range-_0.txt	1
109	0	Pony/4_control-structures_17.txt	1
109	0	Pony/7_type-expressions_2.txt	1
109	0	Pony/1_variables_1.txt	1
109	0	Pony/4_control-structures_18.txt	1
109	0	Pony/2_ops_9.txt	1
109	0	Pony/2_ops_1.txt	1
109	0	Pony/4_control-structures_15.txt	1
109	0	Pony/4_control-structures_11.txt	1
109	0	Pony/4_control-structures_2.txt	1
109	0	Pony/4_control-structures_13.txt	1
109	0	Pony/7_type-expressions_1.txt	1
109	0	Pony/3_arithmetic_5.txt	1
109	0	Pony/4_control-structures_14.txt	1
109	0	Pony/4_control-structures_16.txt	1
109	0	Pony/4_control-structures_12.txt	1
109	0	Pony/4_control-structures_3.txt	1
109	0	Pony/4_control-structures_19.txt	1
109	0	Pony/4_control-structures_1.txt	1
110	0	Pony/2_primitives_3.txt	1
110	0	Pony/5_methods_1.txt	1
110	0	Pony/2_ops_11.txt	1
110	0	Pony/2_ops_2.txt	1
110	0	Pony/4_control-structures_12.txt	1
110	0	Pony/2_ops_10.txt	1
110	0	Pony/1_variables_2.txt	1
110	0	Pony/collections-Range-_0.txt	1
110	0	Pony/4_control-structures_17.txt	1
110	0	Pony/1_variables_1.txt	1
110	0	Pony/4_control-structures_18.txt	1
110	0	Pony/2_ops_9.txt	1
110	0	Pony/6_errors_2.txt	1
110	0	Pony/6_errors_1.txt	1
110	0	Pony/6_errors_3.txt	1
110	0	Pony/4_control-structures_15.txt	1
110	0	Pony/4_control-structures_11.txt	1
110	0	Pony/4_control-structures_2.txt	1
110	0	Pony/4_control-structures_13.txt	1
110	0	Pony/4_control-structures_14.txt	1
110	0	Pony/4_control-structures_16.txt	1
110	0	Pony/2_ops_1.txt	1
110	0	Pony/4_control-structures_3.txt	1
110	0	Pony/4_control-structures_19.txt	1
110	0	Pony/4_control-structures_1.txt	1
111	0	Pony/2_primitives_3.txt	1
111	0	Pony/builtin-String-_36.txt	1
111	0	Pony/5_methods_1.txt	1
111	0	Pony/2_ops_2.txt	1
111	0	Pony/4_control-structures_12.txt	1
111	0	Pony/1_variables_2.txt	1
111	0	Pony/collections-Range-_0.txt	1
111	0	Pony/4_control-structures_17.txt	1
111	0	Pony/1_variables_1.txt	1
111	0	Pony/4_control-structures_18.txt	1
111	0	Pony/4_control-structures_15.txt	1
111	0	Pony/4_control-structures_11.txt	1
111	0	Pony/4_control-structures_2.txt	1
111	0	Pony/4_control-structures_13.txt	1
111	0	Pony/3_arithmetic_5.txt	1
111	0	Pony/4_control-structures_14.txt	1
111	0	Pony/4_control-structures_16.txt	1
111	0	Pony/2_ops_1.txt	1
111	0	Pony/4_control-structures_3.txt	1
111	0	Pony/4_control-structures_19.txt	1
111	0	Pony/4_control-structures_1.txt	1
